16,78
18,65,82
7,9,21,22,33,41,50,52,66,76
30,53
39,51,89
109,116
131,140
132,138
136,137
139,143,144
141,142
178,184
183,1249,2677
187,1268,2696
202,1388,2808
229,230
235,253
242,268
243,257
240,247,283,292
249,270
250,262
252,296
239,254,276,280
274,278
275,295
251,273,282,288
304,1766
305,1767
306,1768
307,1769
308,1770
309,1771
310,1772
311,1773
312,1774
313,1775
315,1777
316,1778
317,1779
318,1780
319,1781
320,1782
321,1783
322,1784
323,1785
324,1786
325,1787
326,1788
327,1789
329,1791
330,1792
331,1793
332,1794
333,1795
335,1797
336,1798
337,1799
338,1800
339,1801
341,1803
343,1805
344,1806
346,1808
347,1809
348,1810
349,1811
350,1812
352,1814
353,1815
355,1817
356,1818
357,1819
359,1820
361,1822
362,1823
363,1824
364,1825
365,1826
366,1827
367,1828
368,1829
369,1830
370,1831
371,1832
373,1833
375,1834
376,1835
377,1836
378,1837
379,1838
380,1839
381,1840
382,1841
383,1842
385,1843
386,1844
387,1845
388,443,1891
389,1846
390,1847
392,1848
393,1849
394,1850
395,1851
396,1852
397,1853
398,1854
400,1855
402,1856
403,1857
405,1858
406,1859
407,1860
408,1861
410,1862
411,1863
412,1864
413,1865
414,1866
415,1867
416,1868
418,431,1869,1880
419,1870
420,1871
423,1872
417,424,1873
425,1874
421,426,1875
427,1876
428,1877
429,1878
430,1879
432,1881
433,1882
434,1883
435,1884
436,1885
437,1886
438,1887
440,1888
441,1889
442,1890
445,1892
446,1893
401,447,1894
448,1895
449,1896
450,1897
453,1898
455,1900
457,1902
456,458,1901,1903
460,1905
462,1907
463,1908
464,1909
465,1910
466,1911
467,1912
468,1913
469,1914
470,1915
471,1916
472,1917
473,1918
474,1919
475,1920
476,1921
477,1922
479,1924
480,1925
481,1926
482,1927
483,1928
484,1929
485,1930
486,1931
487,1932
489,1933
490,1934
492,1936
493,1937
494,556,1938,1999
495,1939
496,1940
491,497,1935,1941
498,1942
499,1943
500,1944
501,1945
502,1946
503,1947
504,1948
505,1949
506,1950
507,1951
508,1952
509,1953
510,1954
511,1955
512,1956
513,1957
514,1958
515,1959
516,1960
517,1961
518,1962
519,1963
520,1964
521,1965
522,1966
523,1967
524,1968
525,1969
526,1970
527,1971
528,562,1972,2005
530,1973
531,1974
532,1975
533,1976
534,1977
535,1978
536,1979
537,1980
538,1981
539,1982
461,540,1906,1983
541,1984
542,1985
454,459,543,1899,1904,1986
544,1987
546,1989
547,1990
548,1991
549,1992
550,1993
551,1994
552,1995
553,1996
555,1998
557,2000
558,2001
559,2002
560,2003
561,2004
563,2006
564,2007
565,2008
566,2009
478,567,1923,2010
568,2011
569,2012
570,2013
571,2014
572,2015
573,2016
574,2017
575,2018
576,2019
577,2020
578,2021
579,2022
580,2023
581,2024
582,2025
583,2026
584,2027
585,2028
587,2030
588,2031
589,2032
590,2033
591,2034
592,2035
593,2036
594,2037
595,2038
596,2039
597,2040
598,2041
599,2042
600,2043
601,2044
602,2045
603,2046
605,2048
606,2049
607,2050
608,2051
610,2053
612,2054
613,2055
614,2056
615,2057
616,2058
617,2059
619,2061
620,2062
621,2063
622,2064
623,2065
625,2067
628,2068
629,2069
630,2070
631,2071
632,2072
633,2073
634,2074
635,2075
636,2076
637,2077
638,2078
639,2079
640,2080
641,2081
642,2083
643,2084
644,2085
645,2086
646,2087
647,2088
648,2089
649,2090
650,2091
651,2092
652,2093
653,2094
654,2095
655,2096
656,2097
657,2098
658,2099
659,2100
660,2101
661,2102
662,2103
663,2104
664,2105
665,2106
666,2107
667,2108
668,2109
669,2110
670,2111
671,2112
672,2113
673,2114
674,2115
675,2116
676,2117
677,2118
678,2119
679,2120
680,2121
681,2122
682,2123
683,2124
684,2125
685,2126
686,2127
687,2128
688,2129
689,2130
690,2131
691,2132
692,2133
693,2134
694,2135
696,2137
697,2138
698,2139
699,2140
700,2141
701,2142
702,2143
703,2144
704,2145
705,2146
706,2147
707,2148
708,2149
709,2150
710,2151
711,2152
712,2153
713,2154
714,2155
715,2156
716,2157
717,2158
718,2159
719,2160
721,2162
722,2163
724,2165
720,725,2161,2166
726,2167
727,2168
728,2169
731,2170
733,2172
734,2173
735,2174
736,2175
737,2176
738,2177
739,2178
740,2179
741,2180
742,2181
743,2182
744,2183
745,2184
746,2185
747,2186
748,2187
749,2188
750,2189
751,2190
754,2193
755,2194
756,2195
757,2196
758,2197
759,2198
760,2199
761,2200
762,2201
763,2202
764,2203
765,2204
766,2205
767,2206
768,2207
769,2208
770,2209
772,2210
773,2211
774,2212
775,2213
776,2214
777,2215
778,2216
779,2217
781,2219
782,2220
783,2221
784,2222
785,2223
786,2224
787,2225
788,2226
789,2227
732,780,790,816,2171,2218,2228,2253
791,2229
792,2230
793,2231
794,2232
795,2233
796,2234
797,2235
798,2236
799,2237
801,853,2238
802,2239
803,2240
804,2241
805,2242
806,2243
807,2244
808,2245
809,2246
810,2247
811,2248
812,2249
813,2250
814,2251
815,2252
817,2254
818,824,2255,2261
819,2256
820,2257
821,2258
822,2259
823,2260
825,2262
826,2263
827,2264
828,2265
831,2268
832,2269
833,2270
834,2271
835,2272
836,2273
837,2274
838,2275
839,2276
840,2277
841,2278
842,2279
843,2280
844,2281
845,2282
846,2283
847,2284
848,2285
849,2286
850,2287
851,2288
852,2289
854,2291
855,2292
856,2293
857,2294
858,2295
859,2296
860,2297
861,2298
862,2299
863,2300
864,2301
865,2302
866,2303
867,2304
868,2305
869,2306
870,2307
871,2308
872,2309
873,2310
874,2311
875,2312
876,2313
877,2314
878,2315
879,2316
880,2317
881,2318
882,2319
883,2320
884,2321
885,2322
886,2323
887,2324
888,2325
889,2326
890,2327
891,2328
892,2329
893,2330
894,2331
896,2333
897,2334
898,2335
899,2336
901,2337
902,2338
903,2339
904,2340
905,2341
906,2342
907,2343
908,2344
909,945,2345,2380
910,2346
911,2347
912,2348
913,2349
914,2350
915,2351
916,2352
917,2353
918,2354
919,2355
920,2356
921,2357
922,2358
923,2359
924,2360
925,2361
927,2363
928,2364
929,2365
930,2366
931,948,2367,2383
932,2368
933,2369
934,2370
935,2371
937,2372
938,2373
939,2374
940,2375
941,2376
942,2377
943,2378
944,2379
946,971,2381,2405
949,2384
950,2385
951,2386
952,958,2387,2393
953,2388
954,2389
955,2390
956,2391
957,2392
959,2394
960,2395
961,2396
962,2397
963,2398
964,2399
965,2400
967,2402
968,2403
969,2404
972,2406
973,2407
974,2408
975,2409
976,2410
977,2411
978,2412
979,2413
980,2414
981,2415
982,2416
983,2417
984,2418
985,2419
986,2420
987,2421
988,2422
989,2423
990,2424
991,2425
992,2426
993,2427
994,2428
995,2429
997,2431
998,2432
999,2433
1000,2434
1001,2435
1002,2436
1003,2437
1004,2438
1005,2439
1006,2440
1008,2442
1010,2444
1011,2445
1012,2446
1014,2448
1015,2449
1016,2450
1017,2451
1018,2452
1019,2453
1020,2454
1021,2455
1022,2456
1023,2457
1024,2458
1025,2459
1026,2460
1027,2461
1028,2462
1029,2463
1030,2464
1031,2465
1032,2466
1033,2467
1034,2468
1035,2469
1036,2470
1037,2471
1038,2472
1039,2473
1041,2475
1042,2476
1043,2477
1044,2478
1045,2479
1046,2480
1048,2481
1049,2482
1050,2483
1051,2484
1054,2486
1055,2487
1056,2488
1057,2489
1058,2490
1059,2491
1061,2493
1062,2494
1063,2495
1064,2496
1065,2497
1066,2498
1067,2499
1068,2500
1069,2501
1070,2502
1071,2503
1072,1078,1098,2504,2510,2530
1073,2505
1074,2506
1075,2507
1076,2508
1077,2509
1079,2511
1080,1081,2512,2513
1082,2514
1083,2515
1084,2516
1085,2517
1086,2518
1088,2520
1087,1089,2519,2521
1090,2522
1091,2523
1092,2524
1093,2525
1094,2526
1096,2528
1097,2529
1099,2531
1100,2532
1101,2533
1102,2534
1103,2535
1104,2536
1105,2537
1106,2538
1108,2540
1109,2541
1110,2542
1111,2543
1112,2544
1113,2545
1114,2546
1115,2547
1117,2549
1118,2550
1119,2551
1120,2552
1121,2553
1122,2554
1123,2555
1124,2556
1125,2557
1126,2558
1127,2559
1129,2561
1130,2562
1128,1131,2560,2563
1132,2564
1133,2565
1134,2566
1135,2567
1136,2568
1138,2570
1139,2571
1140,2572
1141,2573
1142,2574
1143,2575
1144,2576
1145,2577
1146,2578
1148,2580
1149,2581
1150,2582
1151,2583
1152,2584
1153,2585
1154,2586
1155,2587
1156,2588
1157,2589
1159,2591
1160,2592
1161,2593
1162,2594
1163,2595
1164,2596
1165,2597
1166,2598
1167,2599
1168,2600
1169,2601
1170,2602
1172,2604
1173,2605
1174,2606
1175,2607
1176,2608
1177,2609
1178,2610
1179,2611
1183,2612
1184,2613
1185,2614
1186,2615
1187,2616
1188,2617
1189,2618
1190,2619
1191,2620
1193,2622
1194,2623
1195,2624
1196,2625
1198,2627
175,176,189,1200,1209,1274,2629,2638,2701
1202,2631
1203,2632
1204,2633
1205,2634
1206,2635
1207,2636
1208,2637
1211,2640
1212,2641
1213,2642
1214,2643
1215,2644
1216,1262,2645,2690
1217,2646
1218,2647
1219,2648
1221,2649
1223,2651
1224,2652
1225,2653
1226,2654
1227,2655
1228,2656
1229,2657
1231,1387
1232,2660
1233,2661
1234,2662
1235,2663
1236,2664
1238,2666
1240,2668
1241,2669
1242,2670
1243,2671
1244,2672
1245,2673
1248,2676
1250,2678
1251,2679
1253,2680
1255,2682
1256,2683
1258,2686
1260,2688
1261,2689
1263,2691
1264,2692
1266,2694
1270,2697
1271,2698
1272,2699
1273,2700
1275,2702
1276,2703
1277,2704
1278,2705
1279,2706
1280,2707
1282,2708
1283,2709
1284,2710
1286,2712
1288,2714
1290,2716
1292,2717
1293,2718
1294,2719
1295,2720
1296,2721
1297,2722
1298,2723
1299,2724
1300,2725
1301,2726
1302,2727
1303,2728
1306,2730
1307,2731
1309,2732
1310,2733
1311,2734
1312,2735
1315,2737
1317,2739
1318,2740
1319,2741
1320,2742
1321,2743
1322,2744
1323,2745
1324,2746
1326,2748
1327,2749
1328,2750
1329,2751
1330,2752
1331,2753
1332,2754
1333,2755
1334,1504,2756,2921
1335,2757
1336,2758
1337,2759
1338,2760
1339,2761
1340,2762
1341,2763
1344,2765
1345,2766
1346,2767
1347,2768
1348,2769
1349,2770
1350,2771
1351,2772
1352,2773
1353,2774
1354,2775
1355,2776
1356,2777
1357,2778
1358,2780
1360,2782
1363,2785
1365,2786
1368,2789
1369,2790
1370,2791
1371,2792
1372,2793
1373,2794
1374,2795
1375,2796
1376,2797
1377,2798
1378,2799
1380,2800
1381,2801
1382,2802
1383,2803
1384,2804
1385,2805
1389,2809
1392,2812
1393,2813
1394,2814
1395,2815
1396,2816
1397,2817
1399,2818
1400,2819
1401,2820
1404,2823
1405,2824
1406,2825
1407,2826
206,1408,2827
1409,2828
1411,2829
1412,2830
1413,2831
1414,2832
1415,2833
1416,2834
1417,2835
1420,2838
1421,2839
1422,2840
1424,2842
1426,2844
1427,2845
1428,2846
1429,2847
1430,2848
1431,2849
1432,2850
1434,2852
1435,2853
1436,1538,2854,2955
1437,2855
1438,2856
1439,2857
1441,2859
1442,2860
1443,2861
1444,2862
1445,2863
1447,2865
1448,2866
1449,2867
1451,2869
1452,2870
1453,2871
1454,2872
1456,1564,2874,2981
1457,2875
1458,2876
1459,2877
1460,2878
1461,2879
1462,2880
1463,2881
1464,2882
1465,2883
1466,2884
1467,2885
1470,2887
1471,2888
1473,2890
1474,2891
1475,2892
1476,2893
1477,2894
1478,2895
1481,2898
1483,2900
1484,2901
1486,2903
1487,2904
1488,2905
1489,2906
1490,2907
1491,2908
1492,2909
1493,2910
1494,2911
1495,2912
1496,2913
1499,2916
1500,2917
1501,2918
1502,2919
1503,2920
1505,2922
1506,2923
1508,2925
1509,1742,2926,3156
1510,2927
1511,2928
1513,2930
1514,2931
1515,2932
1516,2933
1517,2934
1520,2937
1521,2938
1182,1522,2939
1524,2941
1525,2942
1526,2943
1527,2944
1528,2945
1529,2946
1530,2947
1532,2949
1533,2950
1534,2951
1535,2952
1536,2953
1537,2954
1539,2956
1542,2959
1543,2960
1544,2961
1545,2962
1546,2963
1547,2964
1548,2965
1549,2966
1550,2967
1551,2968
1552,2969
1553,2970
1555,2972
1450,1556,2868,2973
1557,2974
1558,2975
1559,2976
1560,2977
1561,2978
1563,2980
1565,2982
1566,2983
1567,2984
1568,2985
1569,2986
1570,2987
1571,2988
1572,2989
1574,2991
1575,2992
1576,2993
1577,2994
1578,2995
1579,2996
1581,2998
1582,2999
1583,3000
1584,3001
1585,3002
1587,3003
1588,3004
1590,3005
1591,3006
1592,3007
1593,3008
1594,3009
1595,3010
1596,3011
1597,3012
1598,3013
1599,3014
1601,3016
1602,3017
1603,3018
1604,3019
1605,3020
1606,3021
1608,3023
1610,3024
1611,3025
1612,3026
1614,3028
1615,3029
1616,3030
1617,3031
1618,3032
1619,3033
1620,3034
1621,3035
1622,3036
1623,3037
1625,3039
1626,3040
1627,3041
1628,1649,3042,3063
1629,3043
1630,3044
1631,3045
1632,3046
1633,3047
1634,3048
1635,3049
1636,3050
1637,3051
1638,3052
1640,3054
1641,3055
1642,3056
1643,3057
1644,3058
1645,3059
1646,3060
1647,3061
1648,3062
1650,3064
1651,3065
1652,3066
1653,3067
1654,3068
1655,3069
1656,3070
1657,3071
1658,3072
1660,3074
1661,3075
1662,3076
1663,3077
1664,3078
1665,3079
1667,3081
1668,3082
1669,3083
1670,3084
1671,3085
1672,3086
1673,3087
1674,3088
1675,3089
1676,3090
1677,3091
1678,3092
1679,3093
1680,3094
1682,3096
1684,3098
1685,3099
1686,3100
1687,3101
1689,3103
1690,3104
1691,3105
1692,3106
1693,3107
1694,3108
1695,3109
1696,3110
1699,3113
1700,3114
1702,3116
1703,3117
1705,3119
1707,3121
1708,3122
1712,3126
1714,3128
1715,3129
1716,3130
1717,3131
1718,3132
1719,3133
1720,3134
1721,3135
1722,3136
1723,3137
1724,3138
1725,3139
1727,3141
1729,3143
1730,3144
1731,3145
1732,3146
1733,3147
1735,3149
1736,3150
1737,3151
1739,3153
1740,3154
1741,3155
1743,3157
1744,3158
1745,3159
1746,3160
1747,3161
1362,1748,2784,3162
1751,3165
1753,3167
1754,3168
1726,1752,1756,3140,3166,3170
1758,3172
1759,3173
1761,3175
1762,3176
1763,3177
2659,2807
