2,9
20,49,2198
21,50,2199
22,51,2200
25,54,2203
26,55,2204
29,58,2007,2207
37,2292
23,52,2201
24,53,2202
30,59,2208
63,839
82,106
84,86
88,90
85,87,89,91,93,95,97,103,113
98,100
99,101,105,107,109,111,112
108,110
114,115,118,119,120,125,128,140,142
116,117,121,122,126
124,127
129,130,131,132,133,134
135,139,141
136,138,144,146
148,215
149,216,228,298
150,153,157,161,165,169,173,177,181,185,189,193,197,201,205,208,211,214,217,220,223,226,229,232,235,238,241,244,247,251,254,258,261,264,267,270,273,276,279,283,286,289,292,296,299
154,202
155,199,203
156,204
160,164
158,162,166,170
167,171
168,172
176,184
186,190
159,163,187,191
188,192
195,835
206,209
207,210
219,222
218,221,224,227,236,239,242,252
151,230,233,245,259,265,268,271,274
152,213,225,231,234,246,253,260,266,269,272,275
248,255
249,256
250,257
277,284,287
278,282,285,288
291,295
300,341
306,307
311,312
316,317
322,323
328,333
330,331,332
336,337
338,339
345,346,347,348,349,350,351,352,353,354,355,356,357,358,359,360,374,375,376,377,378,379,380,381,384,385
363,364,368,369,372
343,361,362,365,366,367,371,373,382,383,386
388,1047
389,1048
390,1049
392,1051
393,1052
394,1053
395,1054
396,1055
399,1058
400,1059
401,1060
418,1176,1206,1307,1435,1497,1529,1559,1591,1623,1696,1729,1837,1944,1962,1978,2303
421,1179,1209,1310,1438,1500,1532,1562,1594
423,1181,1211,1312,1440,1502,1534,1564,1596
430,1188,1218,1319,1541
432,1851
433,1852
435,1854
436,1855
437,1856
438,1857
441,1860
442,1861
443,1862
444,1863
31,60,431,445,483,522,561,601,641,680,719,758,795,832,873,910,946,981,1088,1113,1138,1161,1189,1219,1244,1269,1292,1357,1382,1418,1659,1713,1746,1762,1799,1850,1924,2028,2046,2067,2107,2125,2159,2209,2244,2262,2333,2369,2387,2426
446,911
447,912
448,913
449,878,914
450,451,915,916
453,882,918
454,883,919
455,920
456,921
457,886,922
460,925
461,890,926
462,927
463,928
464,1320
470,471
479,1333
484,523,759,796
485,524
486,525
487,526,565,605,723
494,533,769,806
499,538,774,811
500,539,775,812
501,540
502,541
504,1062
506,1064
507,1065
519,1077
488,527,567,607,763,800
492,531,571,611,767,804
495,534,574,614,770,807
562,602
563,603
564,604
566,606
489,490,528,529,568,569,608,609
493,532,572,612,768,805
573,613
496,535,575,615
579,619
580,620
583,623
505,584,624,663,702,741,857,1063,1642,1679,1782,1820
599,639
508,547,587,627,666,705,744,859,1066,1645,1682,1785,1823
642,720
646,724
647,648
391,422,452,491,530,570,610,649,688,727,766,803,843,881,917,952,987,1020,1050,1082,1107,1132,1155,1180,1210,1238,1263,1286,1311,1345,1376,1406,1439,1471,1501,1533,1563,1595,1628,1665,1701,1734,1769,1806,1841,1894,2113
657,735
658,736
662,701,740
664,703,742
665,704,743,1116
512,551,591,631,670,709,748,785,822,863,900,936,971,1006,1036,1070,1649,1686,1789,1827
514,553,593,633,672,711,750,865,1072,1651,1688,1791,1829
686,687
515,554,594,634,673,712,751,788,825,866,903,939,974,1009,1039,1073,1652,1689,1792,1830
716,755
717,756
725,726
503,542,582,622,661,700,739,778,815,855,893,929,964,999,1029,1061
760,797
761,798
684,762,799
764,765,801,802
771,808
776,813
777,814
779,816,894,930,965,1000,1030
780,817,858,895,931,966,1001,1031,1643,1680,1783,1821
782,783,819,820,897,898,933,934,968,969,1003,1004,1033,1034
513,552,592,632,671,710,749,786,823,864,901,937,972,1007,1037,1071,1650,1687,1790,1828
791,828,906,942,977,1012,1042
793,830,908,944,979,1014,1044
560,794,831,909,945,980,1015,1045
787,824,902,938,973,1008,1038
841,842
557,869,1655,1692,1725,1758,1795,1833
792,829,870,907,943,978,1013,1043,1656,1693,1796,1834
781,818,896,932,967,1002,1032
947,982
948,983
949,984
950,985
951,986
953,988
954,989
955,990
956,991
957,992
961,996
27,28,42,43,56,57,72,73,397,398,412,413,427,428,439,440,458,459,477,478,497,498,516,517,536,537,555,556,576,577,595,596,616,617,635,636,655,656,674,675,694,695,713,714,733,734,752,753,772,773,789,790,809,810,826,827,849,850,867,868,887,888,904,905,923,924,940,941,958,959,975,976,993,994,1010,1011,1025,1026,1040,1041,1056,1057,1074,1075,1085,1086,1099,1100,1110,1111,1124,1125,1135,1136,1147,1148,1158,1159,1170,1171,1185,1186,1200,1201,1215,1216,1230,1231,1241,1242,1255,1256,1266,1267,1278,1279,1289,1290,1301,1302,1316,1317,1331,1332,1351,1352,1368,1369,1379,1380,1392,1393,1412,1413,1429,1430,1445,1446,1461,1462,1476,1477,1491,1492,1507,1508,1523,1524,1538,1539,1553,1554,1569,1570,1585,1586,1601,1602,1617,1618,1634,1635,1653,1654,1671,1672,1690,1691,1707,1708,1723,1724,1740,1741,1756,1757,1774,1775,1793,1794,1812,1813,1831,1832,1846,1847,1858,1859,1882,1883,1900,1901,1918,1919,1938,1939,1956,1957,1972,1973,1989,1990,2005,2006,2023,2024,2040,2041,2061,2062,2081,2082,2101,2102,2119,2120,2136,2137,2153,2154,2172,2173,2190,2191,2205,2206,2220,2221,2238,2239,2256,2257,2277,2278,2297,2298,2313,2314,2323,2324,2330,2331,2344,2345,2363,2364,2381,2382,2398,2399,2420,2421,2438,2439,2448,2449
1084,1109,1134,1157,1240,1265,1288,1378,2322,2329,2447
1089,1245
1092,1248
1093,1118,1194,1224,1249,1362,1423,1717,1750
1114,1419
1096,1121,1197,1227,1252,1328,1365,1426,1720,1753
1128,1204,1234,1433
1080,1105,1130,1153,1236,1261,1284,1374,2319,2326,2444
1141,1164,1272,1295,1386
1143,1166,1274,1297,1388
1145,1168,1276,1299,1390
1146,1169,1277,1300
1149,1172,1280,1303
1152,1175,1283,1306,1397
1081,1106,1131,1154,1237,1262,1285,1375,2320,2327,2445
1139,1162,1270,1293,1383
1140,1163,1271,1294
1144,1167,1275,1298,1389
1150,1173,1281,1304
1151,1174,1282,1305,1396
419,1177,1207,1308,1530
424,1182,1212,1313,1441,1503,1535,1565,1597
425,1183,1213,1314,1442,1504,1536,1566,1598
429,1187,1217,1318,1540,1848
1190,1220
1191,1221
1192,1222
1193,1223
1098,1123,1199,1229,1254,1367,1428,1722,1755
1203,1233
420,1178,1208,1309,1531
1097,1122,1198,1228,1253,1329,1366,1427,1721,1754
1083,1108,1133,1156,1239,1264,1287,1377,2321,2328,2446
1324,1325
1337,1398
1338,1399
1339,1400
1340,1401
1341,1402
1342,1403
1343,1404
1344,1405
1346,1407
1347,1408
1348,1409
1349,1410
1350,1411
1353,1414
1354,1415
1355,1416
1356,1417
1117,1361,1422
1095,1120,1196,1226,1251,1364,1425,1719,1752
1087,1112,1137,1160,1243,1268,1291,1381,2325,2332,2450
1437,1499,1561,1593
426,1184,1214,1315,1443,1505,1537,1567,1599
1444,1506,1568,1600
1448,1510,1572,1604
1449,1511,1573,1605
1450,1480,1512,1542,1574,1606
1451,1481,1513,1543,1575,1607
1452,1482,1514,1544,1576,1608
67,407,434,472,511,550,590,630,669,708,747,784,821,862,899,935,970,1005,1035,1069,1094,1119,1142,1165,1195,1225,1250,1273,1296,1326,1363,1387,1424,1456,1486,1518,1548,1580,1612,1648,1685,1718,1751,1788,1826,1853,2076,2095
1457,1487,1519,1549,1581,1613
1459,1489,1521,1551,1583,1615
1460,1490,1522,1552,1584,1616
1463,1493,1525,1555,1587,1619
1466,1496,1528,1558,1590,1622
696,1478,1974,1991
1453,1483,1515,1545,1577,1609
1458,1488,1520,1550,1582,1614
1464,1494,1526,1556,1588,1620
1436,1498,1560,1592
1447,1509,1571,1603
1465,1495,1527,1557,1589,1621
1454,1455,1484,1485,1516,1517,1546,1547,1578,1579,1610,1611
1624,1660,1697,1730
1625,1661,1698,1731
1626,1699,1732
1627,1663,1664,1700,1733
1629,1702,1735
1631,1668,1704,1737
1632,1705,1738
1633,1706,1739
1639,1712,1745
1640,1677,1780,1818
465,856,1641,1678,1781,1819
1644,1681,1784,1822
509,510,549,588,589,628,629,667,668,706,707,745,746,860,861,1067,1068,1646,1647,1683,1684,1786,1787,1824,1825
872,1658,1695,1798,1836
1636,1673,1709,1742
1630,1703,1736
1637,1710,1743
1638,1675,1711,1744
1714,1747
1715,1748
1716,1749
1726,1759
1727,1760
1728,1761
1763,1800
1764,1801
1765,1802,2336
1766,1803
1768,1805
1772,1809
1657,1694,1797,1835
1870,1871,1928,2266,2429
19,48,387,402,1046,1888,1995,2142,2197,2350,2404
1906,2012,2178
1930,1931
1876,1932,2000,2250,2271,2432
1948,1949
1958,2315
1959,2316
1963,1979
1967,2215
1969,1986
1970,1987
1975,1992
1977,1994
1966,1982,1983
1997,2353
1913,1950,2018,2034,2375
2029,2370
2030,2371
2032,2373
2033,2374,2431
2035,2376,2433
2036,2377,2434
2037,2378,2435
2038,2379
2042,2383
2043,2384
2044,2385
2050,2051
2053,2054
2071,2072
2108,2245
2109,2246
2031,2110,2247,2372
2111,2248
2112,2249
2114,2251
2115,2252
2116,2253
2117,2254
2121,2258
2122,2259
2123,2260
2131,2184,2308
2146,2147
2182,2183
2233,2357,2414
2039,2118,2255,2380,2437
2408,2409
2412,2413
2452,6705
2454,2455
2459,2460
2575,2586
2583,2599
2585,6115,6168
2602,2603
2674,6205,6610
2732,2733
2735,2736
2847,2849
2851,2853,2855,2858,2860
2852,2854,2856,2857,2859,2863,2864
2914,2915
2918,2919
2920,2924
2921,2922
2955,2956
2968,3210
2972,3214
2973,2991,3215
2975,2992,3216
2994,2995
3000,3002
3004,3499
3006,3007
3011,3012
3023,3157,7822
3028,3029
3087,3088
3090,3104
3091,3103
3148,3154
3227,3228
3231,3232
3250,3360
3262,3266
3265,3398
3280,3281
3288,3297,3318
3290,3299
3296,3338,3342
3286,3301,3340
3324,3357
3468,3469
3497,3498
3508,3509
3510,3511
3518,3522
3543,3544,3545,3546
3556,5028,11901,11910
3567,3568
3641,3642
3737,3739
3831,3904
3845,5127
3909,3910
3923,4014
3924,4015
3936,4023
3937,4024
3939,4008,4025
4149,4150
4204,4208
4205,4209
4225,4233
4264,4265
4315,4762
4317,4767
4318,4768
4319,4779
4321,4781
4323,4782
4324,4783
4325,4784
4326,4785
4327,4786
4429,4430
4435,4436
4449,4450
4473,4569
4475,4481
4491,4492
4499,4571
4500,4572
4501,4504,4519
4506,4521
4507,4522
4465,4525,4535,4570,4573,4577,4614,4619
4526,4544
4528,4546
4536,4561
4537,4562
4540,4553,4564
4542,4566
4550,4551
4588,4589
4675,4676,4677,4678,4679,5063,5064,5065
4681,5068
4716,4751
4720,4721
4759,5105
4760,5106
4761,5107
4942,4943
4946,4947
5036,5037
5099,5100,5101
5144,5145
5162,5163
5187,5189
5290,5307
5293,5309
5299,5322,10868
5302,5305
5323,8185
5324,10865
5427,5430
5526,5527,5528
5567,5568
5621,5656
5634,5637
5635,5638
5682,11056
5686,11059
5687,11060
5688,11061
5689,11062
5690,11063
5691,11064
5692,11065
5693,11066
5694,11067
5695,11068
5696,11069
5697,11070
5713,5722
5712,5721,5723
5727,11058
5790,5793
5800,5801
5961,5962
5971,5972
5982,5983
6076,6077
6097,8079
6102,8304
6104,8305
6110,8301
6112,8302
6199,6200
6209,6228,6232
6210,6229,6233,6236
6227,6231
6238,8587
6252,6254
6253,6255
6312,6313
6341,6344
6355,6395
6373,8152
6392,6410
6361,6393,6411
6467,6468,6469,6470,6471,6472,6473,6474,6475
6481,7188
6577,6581
6606,6607
6685,6753
6747,8407
6778,6781
6790,6791
6807,6820
6808,6821
6809,6822
6831,6832
6876,6877,6878
6879,6880,6881
6882,6883,6884
6925,7068
6944,7066
6973,6974
6982,6983
6995,6996
7004,7005
7225,7227
7285,7376
7286,7288
7321,7340
7322,7323
7336,7338
7337,7339
7369,7370
7378,7433
7441,7442
7467,7468
7515,7519
7590,7709
7603,7604
7620,7622,7623
7641,7642
7656,7657
7726,7737,7745
7728,7732,7739,7747
7766,7769
7773,7779
7863,7869
7864,7870
7963,7964
7967,7968,7969,7970
8035,8036
8037,8038,8039
8056,8057
8228,8656
8269,8295
8297,8298
8348,8349
8394,8395
8398,8399,8400
8404,8405
8417,8418,8419
8425,8426
8438,8441
8439,8440
8442,8443
8449,8450
8500,10465
8512,8513
8647,8648
8667,8668
8669,8670
8679,8680
8700,9852,9888,9895
8701,10065
8703,10068
8708,10070
8709,10071
8734,8736
8735,8737
8744,10957
8778,8779,8788,8789,8798,8799
8780,8790,8800
8782,8792,8802
8784,8794,8804
8781,8791,8801
8783,8793,8803
8785,8786,8787,8795,8796,8797,8805,8806,8807
8823,8824
8833,8834
8837,8838
8872,11597
8873,11598
8874,11602
8882,8883
8884,8885
8895,8898
8909,8911,8912
8918,8919
8928,8929
8932,11620
8934,11623
8985,8986
8990,8991
8992,8993,8994,8995
8997,8998
9002,9003
9017,9018
9019,9020
9030,9032
9040,9041
9043,9049
9044,9050
9051,9052,9054
9072,9076
9077,9082
9083,9085
9097,9099
9100,9101
9138,9139
9183,9185
9222,9791
9230,9231
9232,9233
9235,9730
9245,11019
9248,9249
9276,9609
9277,9279
9282,9283,9292,9293,9297,9298,9300
9284,9285,9286,9287
9288,9289,9290,9291
9310,9311
9326,9328
9331,9332
9340,9342
9346,9356
9347,9354
9360,9361
9391,9392
9396,9397
9419,9421
9439,9440
9445,9450
9446,9447
9448,9449,9451
9456,9457
9469,9763
9474,9475
9482,9487
9512,9513,9514,9515
9517,9518
9539,9540
9558,9560
9577,9815
9583,9820
9584,9821
9590,9795
9592,9822
9605,9850
9606,9851
9649,9651
9652,9653
9657,9658
9664,9665
9668,9669
9677,9736
9678,9734
9686,9718
9687,9688
9721,9722
9741,9742
9749,9750
9754,9755
9875,9889
9876,9877
9879,9886
9878,9881,9882,9884,9885
9892,9915
9898,9899
9911,9912
9923,9924
9925,9926
9961,9962
9968,9969,9970,9971,9972
10007,10008,10009,10010
10032,10593,10596,10601,10607
10073,10148,10168,10172
10100,10101
10107,10108,10110
10113,10114
10123,10124
10125,10126
10143,11255
10154,10176
10183,10184
10197,10198
8871,10214,10608,11596
10262,10263
10264,10265,10266
10280,10286
10281,10287
10282,10288
10283,10289
10284,10290
10285,10291
10293,10294
10324,10327
10325,10328
10329,10330
10331,10332
10336,10337
10338,10339
10344,10347
10361,10362
10391,10405
10392,10406
10393,10407
10394,10408
10395,10409
10397,10413
10411,10412
10447,10478
10448,10473
10451,10452
10490,10491
10506,10507
10520,10804
10522,10524,10528
10525,10527
10529,10803,10822
10530,10531
10532,10823
10533,10824
10539,10540
10545,10561,10562
10553,10554,10556
10555,10558,10559
10557,10560
10572,10574
10573,10575
10598,10602
10604,10606
10611,10612
10613,10615
10618,10619
10632,10633
10645,10646
10655,10656
8839,10660,10714
10661,10715
10664,10666
10668,10669
10686,10687
10689,10690
10722,10726
10750,10751
10768,11172
10792,10793,10795
10794,10796,10797,10798
10801,10819,10820,10821
10805,10806,10807,10809
10813,10814
10815,10816
10817,10818
10834,10835
10836,10837
10838,10839
10840,10841
10850,10852
10869,10873
10891,10892
10897,10898
10899,10900
10940,10970
10944,10979
8746,10937,10946,10955,10984
10958,10959
10960,11251
10977,10978
11001,11002
11007,11008
11018,11037
11022,11023
11024,11025
11026,11027
11028,11029,11030,11031,11032,11033,11036
11073,11074,11075
11085,11086
11117,11118
11137,11147
11179,11181
11184,11186,11187
11192,11193
11235,11236,11237
11234,11239,11240,11241
11270,11271
11287,11288
11318,11319
11323,11324
11331,11332
11338,11348
11391,11392
11399,11400
11403,11408,11412
11409,11413
11415,11444
11416,11417
11422,11423,11424
11430,11431
11437,11438
11445,11446,11447,11449
11451,11452
11459,11702,11724
11464,11465
11485,11486
11492,11493
11513,11514,11515,11516
11532,11822
11603,11604
11615,11616
11648,11649
11660,11661
11675,11678
11693,11720
11701,11723
11731,11732
11738,11740
11737,11739,11741,11742
11757,11759
11756,11758,11760,11762,11764
11804,11805
11832,11833
11834,11835
11845,11847
11862,11863
11871,11872,11873
11879,11883
11880,11884
11886,11887
11888,11889
11895,11897
11911,11912
11913,11914
11947,11948
11951,11952
11994,11995,11996
12014,12016,12017
12018,12019
12096,12098
12103,12104
12105,12106
12108,12109
12125,12144
12126,12145
12129,12130
12131,12149
12140,12160
12141,12161
12142,12162
12147,12148
12177,12178
12179,12180
12182,12183
12208,12209
12218,12219
12249,12250
12256,12265
12259,12260
12307,12309
12312,12313
12355,12375
12396,12477
12413,12436,12454
12432,12449
12445,12446
