0,778
1,60,779,839
2,780
3,781
4,782
5,783
6,784
7,785
8,786
9,787
10,788
11,789
13,791
12,14,15,790,792,793
16,794
17,795
18,796
19,797
20,798
21,799
22,800
23,801
24,802
25,803
26,804
27,806
28,807
29,808
30,809
31,810
32,811
33,812
34,813
35,814
36,815
37,816
38,817
39,490,818,1283
40,819
41,820
42,821
43,822
44,823
45,824
46,825
47,826
48,827
49,828
50,829
51,338,830,1128
52,339,831,1129
53,832
54,833
55,834
56,835
57,346,836,1136
58,837
59,838
61,840
62,841
64,843
65,844
66,845
68,847
69,848
70,849
71,850
72,851,1352
73,852
74,853
75,854
76,855
77,150,184,856,931,972,1353,1360,1372
78,857
79,858
80,859
81,860
82,861
83,862
84,864
85,865
86,867
87,868
88,869
89,870
90,871
91,872
93,874
94,875
95,876
96,877
97,878
98,879
99,880
100,881
101,882
102,883
104,885
105,886
106,887
107,888
108,889
109,890
110,891
111,892
112,893
113,894
114,895
115,896
116,897
117,898
118,899
119,900
120,901
121,902
123,904
124,905
125,906
126,907
127,908
128,909
129,910
130,911
131,912
132,913
133,914
134,915
135,916
136,917
137,918
138,919
139,920
140,921
142,923
143,924
144,925
145,926
146,927
148,929
149,930
151,185
152,933
154,936
156,938
157,939
158,940
159,941
160,942
162,945
163,946
164,947
165,948
167,950
168,951
170,953
171,955
174,176,958,960
175,959
179,963
180,964
181,965
182,970
183,971
186,974
187,975
188,976
189,977
190,978
191,979
192,980
193,981
194,983
195,984
196,985
198,987
199,988
200,989
201,990
202,991
203,992
206,993
208,995
209,996
210,997
212,999
213,1000
219,1006
220,1007
221,1008
222,1009
223,1010
224,1011
225,1012
226,1013
227,1014
228,1017
229,1018
230,1019
231,1020
232,1021
233,1022
234,1023
235,1024
236,1025
237,1026
238,1027
239,1028
240,1030
241,1031
242,1032
243,1033
244,1034
245,1035
246,1036
247,1037
248,1038
249,1039
250,1040
251,1041
252,1042
253,1043
254,1044
255,1045
256,1046
257,1047
258,1048
259,1049
260,1050
261,1051
262,1052
263,1053
264,1054
265,1055
266,1056
267,1057
268,1058
269,1059
270,1060
271,1061
272,1062
273,1063
274,1064
275,1065
276,1066
277,1067
278,1068
279,290,1069,1080
280,1070
281,1071
282,1072
283,1073
284,1074
285,1075
286,1076
287,1077
288,1078
289,1079
291,1081
292,1082
293,1083
294,1084
295,1085
296,1086
297,1087
298,1088
299,1089
300,1090
301,1091
302,1092
303,1093
304,1094
305,1095
306,1096
307,1097
308,1098
309,1099
310,1100
311,1101
312,1102
313,1103
314,1104
315,1105
316,1106
317,1107
318,1108
319,1109
320,1110
321,1111
322,1112
323,1113
324,1114
325,1115
326,1116
327,1117
328,1118
329,1119
330,1120
331,1121
332,1122
333,1123
334,1124
335,1125
336,1126
337,1127
340,1130
341,1131
342,1132
343,1133
344,1134
345,1135
347,1137
348,1138
349,1139
350,1140
351,1141
352,1142
353,1143
354,1144
355,1145
356,1146
357,1147
358,1148
359,1149
360,1150
361,1151
362,1152
363,1153
364,1154
365,1155
366,1156
367,1157
368,1158
369,1159
370,1161
371,1162
372,1163
373,1164
374,1165
375,1166
376,1167
377,1168
378,1169
379,1170
380,1171
381,1172
382,1173
383,1174
384,1175
385,1176
386,1177
387,1178
388,1179
389,1180
390,1181
391,1182
392,1183
393,1184
394,1185
395,1186
396,1187
397,1188
398,1189
399,1190
400,1191
401,1192
402,1193
403,1194
404,1195
405,1196
406,1197
407,1198
408,1200
409,1201
410,1202
411,1203
412,1204
413,1205
414,1206
415,1207
416,1208
417,1209
418,1210
419,1211
420,1212
421,1213
422,1214
423,1215
424,1216
425,1217
426,1218
427,1219
429,1221
430,1222
431,1223
432,1224
433,1225
434,1226
435,1227
436,1228
437,1229
438,1230
439,1231
440,1232
442,1234
444,1236
445,1237
446,1238
447,1239
448,1240
449,1241
450,1242
451,1243
452,1244
453,1245
454,1246
122,455,903,1247
456,1248
457,1249
458,1250
459,1251
460,1252
461,1253
462,1254
463,1255
464,1256
465,1257
466,1258
467,1260
468,1261
469,1262
470,1263
471,1264
473,1266
474,1267
475,1268
476,1269
477,1270
478,1271
479,1272
480,1273
481,1274
482,1275
483,1276
484,1277
486,1279
487,1280
488,1281
489,1282
491,1284
492,1285
493,1286
494,1287
495,1288
496,1289
497,1290
498,1556
499,1557
500,1558
501,1559
502,1560
503,1561
504,1562
505,1563
506,1564
507,1565
508,1566
509,1567
510,1568
511,1569
512,1570
513,1571
514,1572
515,1573
516,1574
517,1575
518,1576
519,1577
520,1578
521,1579
522,1580
523,1581
524,1582
525,1583
526,1584
527,1585
528,1586
529,1587
530,1588
531,1589
532,1590
533,1591
534,580,1592,1640
535,1593
536,1594
537,1595
538,1596
539,1597
540,1598
541,1599
542,1600
543,1601
544,1602
545,1603
546,1604
547,1605
548,1606
549,1607
550,1608
551,1610
552,1611
553,1612
554,1613
555,1614
556,1615
557,1616
558,1617
559,1618
560,1619
561,1620
562,1621
563,1622
564,1623
565,1624
566,1625
567,1626
568,1627
569,1628
570,1629
571,1631
572,1632
573,1633
574,1634
575,1635
576,1636
577,1637
578,1638
579,1639
581,1641
582,1642
583,1643
584,1644
585,1645
586,1646
587,1647
588,1648
589,1649
590,1650
591,1651
592,629,1652,1690
593,1653
596,718,1656,1795
595,597,1655,1657
598,1658
599,1659
600,1660
601,1661
602,1662
603,1663
604,1664
605,1665
606,1666
607,1667
608,1668
609,1669
610,1670
611,1671
612,1672
613,1673
614,1674
615,1675
616,1676
617,1677
618,1678
619,1679
620,1680
621,1681
622,1682
623,1683
624,1684
626,1687
627,1688
628,1689
630,1691
631,1692
632,1693
633,1694
634,1695
635,1696
636,1697
637,1698
638,1699
639,1700
640,1701
641,1703
642,1704
643,1705
644,1707
645,1708
646,1709
647,1710
648,1711
649,1714
650,1715
651,1716,1755
652,1717,1757
654,1719,1761
655,1720
656,1721
657,1722
658,1723
659,1724
660,1725
661,1726
662,1727
663,664,1728,1729
665,1730
666,1731
667,1732
668,1733
669,1735
670,1736
671,1737
672,1738
673,1739
674,1743
675,1744
676,1745
677,1746
678,1747
679,1750
680,1751
681,1752
682,1754
683,1756
684,1758
685,1762
686,1763
687,1764
688,1765
689,1766
690,1767
691,1768
692,1769
693,1770
694,1771
695,1772
696,1773
697,1774
698,1775
699,1776
700,1777
701,1778
702,1779
703,1780
625,704,1686,1781
705,1782
706,1783
707,1784
708,1785
709,1786
710,1787
711,1788
712,1789
713,1790
714,1791
715,1792
594,716,1654,1793
717,1794
719,1796
720,1797
721,1798
722,1799
723,1800
724,1801
725,1802
726,1803
727,1804
728,1806
729,1807
730,1808
732,1810
733,1811
734,1812
735,1813
736,1814
737,1815
738,1816
739,1817
740,1818
741,1819
742,1820
743,1821
744,1822
745,1823
746,1824
747,1825
748,1826
749,1827
750,1828
751,1829
752,1830
753,1831
754,1832
755,1833
756,1834
757,1835
758,1836
759,1837
760,1838
761,1839
762,1840
763,1841
764,1842
765,1843
766,1844
767,1845
768,1846
769,1847
770,1848
771,1849
772,1850
773,1851
774,1852
775,1853
776,1854
777,1855
103,884,1354
141,922,1359
932,973
1296,1306
1298,1303
1300,1343
1301,1302
1307,1322
1316,1317,1331,1333
1318,1334
1319,1335
1320,1327,1328,1338
1295,1326,1337,1347
1330,1332
1355,1358
1420,1474
1430,1482,1486
1435,1436,1448,1451,1465,1467,1468,1473,1490,1505
1445,1452
1476,1493,1497
1524,1532
1525,1526
1527,1528,1529
1530,1531
1534,1535
1549,1551
1553,1554
653,1718,1760
1862,7148,7189
1883,7619
1889,1891
1890,1892
1971,1972
1980,2589
1997,1998
2038,2076
2052,2084
2082,2083
2092,2094
2099,2104,2176
2106,2107,3585,3588,3589
2246,2247
2265,2269
2292,2294,2295
2299,2300
2308,2310
2326,2327
2328,2329
2334,2335
2338,2339,2341,2342
2336,2340,2343,2348,2351,2358
2344,2345
2444,2445
2449,2629
2450,2630
2466,2467
2488,2492
2489,2493
2621,2623
2726,2727
2784,8074
2924,2925
2926,2927
2941,4285
3048,3059
3066,3067
3085,3086
3091,3097
3095,3096
3098,3099,3101,3102
3250,3251
3278,11089
3344,3347
3480,3491
3479,3482,3483,3484,3490,3494
3495,3498
3505,3511,3512,3523
3509,3520
3542,3549
3587,3590
3648,7141,7576
3658,3662
4035,4062
4171,4253
2596,4244,9674
4249,4250
4254,4255
4265,4266,4267
4269,4271,4272,4273,4274,4276,4278,4279,4280,4281,4282,5679,5683,5686,5688,5690,5692,5694,5698,5700,5703,5705,5706,5707,5708,5709
4287,4288
4309,4318
4394,4396
4467,4479
4597,5012
4867,4873
4778,4880,4890,4892,4913,4964,4976
4922,5746
4947,4948
4958,4959
5057,5732
5069,5070,7785
5139,5143
5185,5186
5222,6458
5277,5278
5282,5303,5305,5307
5289,5311
5293,5294,5297,5300,5312,5319,5324,5326,5334
5302,5304,5321
5306,5325
5308,5317
5290,5310,5322,5323,5328
5361,5362
5421,5422
5442,5443
5452,5453
5581,5650
5582,5647,5651
5583,5585,5596
5591,5646
5602,5604,5606,5623,5625
5603,5605,5607,5624,5626,5632
5609,5613
5628,5640
5629,5631
5634,5638
5584,5586,5587,5641,5645,5649
5643,5653
5681,5682,5704
5680,5684,5687,5689,5691,5693,5695,5699,5701
5696,5697,5710
5740,5741
5801,5802
5805,5812
5808,5821,5828,9945,10441,10458
5816,10585
5825,5829
5850,9160
5885,6597
5889,6591
5890,6592,9700,10740
5906,10750
5913,6598
5914,6602
5930,5931
5974,6637
5975,6638
5976,6639
5977,6642
5980,9389
5996,6022
5999,6017,6019,6021,8900,8965,8981,9179,9201
6002,8928
6007,6011,6013
6009,6015
5998,6000,6004,6006,6010,6012,6016,6018,6020
6068,9350,10227
2020,2098,2175,3905,5159,5224,5262,6081,6095,11654,11656,11657,11658
6096,6372
6115,6393
6116,6394
6117,6395
6118,6396
6121,6399
6123,6401
6155,6365
6171,6172
6301,6303
6317,6318
6320,6321
6334,6336
6349,6350
6410,6436
6434,6435
6519,6543
6612,10066
6613,9466
6715,6834
6723,6869
6725,6841
6726,6842
6779,6905
6780,6856
6804,6908
6811,6859
6813,6815
6884,6932,7049
6885,7050
6913,6914
6988,7064
7097,7526
7105,7109,7355,7359
7106,7356
7115,7467
7116,7468
7137,7139
7172,7179,7181,7185
7292,7293,7296,7298,7302
7295,7374
7338,7339
2498,2531,7472,7483,7499,7501,7521,7524,10616
7480,7580
7509,7574
7510,7559
7511,7577
7527,7530
7546,7547
7551,7556
7554,7555
7583,13008
7667,7761
7678,7767
7688,7697
7689,7690,7691,7693,7694,7695,7696,7699,7700
7692,7698
7780,7794
7801,7802
7988,7996
8034,8047
8050,8051
8157,13432
8159,8162,8163
8193,8207
8249,8250
8265,8266,8268
8298,8307
8300,8312
8338,8359
8339,8360
8362,8363
8379,8436
8381,8426,8449
8388,8392,8403
8382,8387,8389,8391,8402,8404,8427,8438,9515,9547,9602,9606
8406,8412,8448
8410,8588
8435,8455
8517,8535
8525,8543
8528,8529,8544
8580,8582
8693,8694
8729,8731,8737
5860,8557,8558,8559,8560,8561,8562,8563,8564,8565,8566,8569,8572,8573,8816,9590,9591,10362,10515
8836,11271
8891,8929,8966
8895,8951
8896,8952
8904,8906,8924,8937,9519
8905,8923
8907,8925
8908,8922
8911,8921
8897,8899,8914,8918,8934,8946,8953,8955,8969,8973,8975,8988,9175,9176,9181,9182,9183,9184,9186,9187,9188,9189,9190,9191,9192,9193,9194,9195,9196,9198,9200
8919,9174
8926,8985
8941,9199
8957,8959
8893,8963,8978,8979
8964,8993
8997,9005
9016,9018
3666,8570,8571,9104,9589,9872,10369,10370,10371,11524,11540,11541,11542,11598,12504
9119,10590
9131,9137
9142,9663,11332
9145,9153
9147,9148
9151,9157
9162,9165
9257,9261
9258,9262
9259,9263
9260,9264
9327,9328
9347,9349
9351,10228
9381,9457
9431,9434
9442,9444
9450,10830
9453,9454,10726,10729
9467,10346
9495,11290
8902,8916,9530,9617,9620,9633,9635,9640,9642
9531,9533
9532,9534
9576,9577
9599,9652
9613,9619,9641
9616,9622,9632
9623,9639
9624,9631
9627,9630
9688,9689
9705,10055
9725,9728,9729
9727,9730
9776,10698
9798,9799
9807,9816
9821,9826
9842,9992
9843,9844
9905,9907
9932,9935
9942,10444
10000,10002
10032,11197
10043,10044
9702,10051,10747
9448,10069,10829
10126,10129
10219,11114
10250,10252,10254
10251,10253,10255
10303,10410
10330,10331
10349,10360
10350,10355
10416,10425
10601,10632
2007,2199,2205,2213,2461,2465,2472,3819,5131,8052,8054,8055,8056,8058,8059,10604,11610,11639,11674,12109
9455,10728,10732
10755,10767
11028,11031
11164,11166
11185,11192
11190,11200
11301,11302
11317,11599,12584
11348,11352
11395,11403,11419
11421,11447,11464
11426,11444
11422,11427,11445,11448,11455,11460,11465
11449,11466
11474,11477
11475,11478
11476,11479
11487,11489
11534,12389
11567,11568
11578,11634
11636,11644
11637,11645
11653,11655,11663,11664
11745,11859
11814,11816
11815,12185
11903,11918
11957,11959
11979,11991
12007,12009
12036,12038,12039
12135,12935
12184,12186
12222,12233
12244,12245
12249,12311,12814
12330,12372
12331,12365
12337,12340
12342,12363
12346,12352
12347,12353
12354,12368
12338,12358,12359,12360,12366
12379,12862
12382,12863
12383,12864
12387,12725
12447,12449,12450,12451
12460,12797
12519,12523
12596,12600
12681,12694
12748,12751
12979,12980
13071,13080
13085,13086
13126,13127
13235,13236
13250,13254
13266,13270,13272
13317,13319
13322,13323
13359,13360
13370,13371
13435,13444,13445
13503,13504
13559,13560
13566,13571
13593,13594
13671,13741
13681,13690
