21,28
113,452
136,163,195
137,208
196,5072
198,200
199,201
242,243
248,249
259,417
261,262
267,433
272,279
275,443
276,277
284,812
286,814
296,297
308,4749
310,4750
313,4753
347,350
360,2922
422,423
266,274,432,442,4882
353,437,447,458,475
440,450
486,487,488
494,495
502,503
510,512
549,550
557,5563
579,580
585,586
663,664
669,7292
687,690
704,719
705,709
710,711
714,715,716
722,723
735,736
743,786
744,787
765,766
767,768
769,807
770,805,806,808
772,816
822,823
854,865
858,873
859,874
860,875
862,877
863,878
866,881
867,882,883
918,944
943,4595
959,960
1026,1027
1042,1043
1048,1137
1053,1143
1054,1144
1055,1145
1057,1147
1059,1149
1060,1150
1061,1151
1062,1152
1063,1153
1070,1155
1071,1156
1072,1157
1073,1158
1074,1159
1075,1160
1076,1161
1077,1162
1078,1163
1081,1165
1164,1186
1181,1182
1324,1326
1331,1332
1336,1337
1384,1385
1403,1404,1405,1406,1407,1408
1412,1422,1429
1411,1419,1426
1420,1427
1424,1431
1505,1506,1507
1524,1818
1526,1572
1562,1563
1573,5097
1578,5093
1595,1598,1600
1602,1603
1676,1684
1703,1704
1725,1726
1773,1774
1897,1898
1969,1992
1971,2010
1972,2011
1973,2012
1974,2013
1975,1976,2014,2015
1977,2017
1978,2018
1979,2019
1997,5191
2029,2030
2083,2503
2094,4874,6189
2136,2137
2139,2140
2155,2250,2309
2182,2186
2183,2184,2185
2273,2850
2274,2851
2403,2592
2407,2408
2409,2410
2413,2416,2602
2417,2604
2419,2610
2435,2688
2437,2697
2439,2699
2440,2700
2441,2701
2443,2703
2444,2447,2704
2448,2705
2449,2706
2450,2707
2451,2708
2452,2709
2453,2711
2454,2712
2455,2713
2456,2714
2457,2754
2458,2755
2464,2767
2465,2770
2467,2691
2469,2773
2473,2774
2478,2509,4150
2479,2510,4151
2481,2483,4153,4155
2486,2518
2490,2716,2728
2492,2718
2493,2719,2731
2500,2727
2475,2506,4146
2476,2507,4147
2477,2508,4148
2513,2515
2554,6743
2617,2618
2692,4141
2693,4142,4490
2694,4143
2695,4144
2491,2717,2729
2720,2732
2721,2733
2722,2734
2724,2736
2818,4865
2829,2830
2835,6173
2870,2872
2939,2940
2957,2958
2962,2964
2963,2965
2967,2968
3040,3175
3071,4361
3151,3152,3153
3190,3287
3194,3195
3196,3197
3212,7335
3215,3316
3217,3218
3223,3224
3238,3239,3240,3241,3242
3256,3257
3373,3375
3378,3379,3380
3383,3384
3466,3467
3587,3588
3643,4196
3699,3701
3700,3702
3711,3712
3728,5554,7235
3812,3813,3815
3831,3834
3840,3841
3845,3847
3865,3866
4015,4017
4021,4023
4060,4061
4066,4071
4067,4069
4112,4113
4228,4229,4230,4231,4255
4238,4239
4241,4246,4247
4249,4250
4233,4234,4235,4251,4252
4307,4311
4357,4358
4450,4451
4543,4544
4549,4550
4551,4552
4557,4558
4563,4570,4577
4565,4572,4579
4584,4936
4650,4651
4733,4734
4777,5058
4831,4832
4855,4893
4876,4890
4878,4892
4934,4942
5018,5019
5055,5076
5059,5060
5073,5118
5074,5119
5075,5117
5128,5129,5150,5151
5130,5152
5134,5156
5233,5237
5264,5265
5275,5276
5319,5320
5321,5322,5326,5328,5384
5325,5327
5329,5357
5335,5371
5348,5351,5353,5355
5349,5350,5354
5361,5373
5362,5374
5366,5377
5375,5376
5436,5439,5440
5449,5450,5451
5453,5454
5530,5531
5675,5676
5677,5679
5678,5680
5694,5700
5723,5729
5725,5727,5731,5733,5735
5726,5728,5730,5732,5734,5736,5738,5740
5744,5745
5751,5775
5752,5776
5753,5777
5754,5756
5824,5844
5825,5826
5827,5828
5831,5851
5837,5856
5872,5888,5892,5898
5967,6164
6011,6012
6041,6048
6091,6092
6112,6113,6114
6117,6118,6119
6194,6201
6219,6480
6225,6226
6227,6229
6323,6616
6324,6617
6325,6618
6326,6412,6499,6619
6327,6621
6343,6624
6364,6630
6366,6632
6367,6633
6368,6634
6369,6635
6370,6636
6371,6637
6373,6639
6374,6640
6378,6641
6381,6643
6386,6648
6395,6396
6411,6498
6413,6500
6414,6415
6445,6464
6449,6484
6383,6387,6428,6450,6489,6561,6645,6649,6665
583,6228,6490,6491,6819,6821
6384,6385,6388,6389,6427,6429,6451,6452,6492,6562,6646,6647,6650,6651
6426,6511,6644
6658,6659
6666,6667
6705,6709
6707,6711
6748,6749
6798,6799
6808,6811
6840,6841,6842
6854,6855
6865,7229
6898,6899
6907,6908
6928,6929,6930
6946,6947
6984,7019
6989,6997,7031,7035,7036
3018,6990,6992,7000,7001,7032
6994,6999,7030,7033,7034
7027,7028
7091,7092
7110,7124
7125,7127
7126,7128
7134,7135
7165,7166
7201,7202
7242,7243,7245
7420,7436
7426,7439
7433,7435
