0,583
1,584
2,585
3,586
4,587
5,588
6,589
7,590
8,591
9,592
10,593
11,594
12,595
13,596
14,597
15,598
16,599
17,600
18,601
19,602
20,603
22,605
23,606
24,607
25,608
26,609
27,610
28,611
29,612
30,613
31,614
32,615
33,616
34,617
35,618
36,619
37,620
38,621
40,623
43,626
44,627
46,629
47,630
49,632
50,350,364,633,933,947
51,634
53,636
54,637
55,638
56,639
57,640
58,641
59,642
60,643
61,644
62,645
63,646
64,647
65,648
66,649
67,650
68,651
70,653
71,654
72,655
73,656
74,657
75,658
76,659
77,660
78,661
79,662
80,663
81,664
82,665
83,666
84,667
85,668
86,669
87,670
88,671
89,672
90,673
91,674
92,675
93,676
94,677
95,678
96,679
97,680
98,681
99,682
100,683
101,684
102,685
103,686
104,687
105,688
106,689
107,690
108,691
109,692
110,693
111,694
112,695
114,697
115,698
116,699
117,700
118,701
119,702
120,703
121,704
122,705
123,706
124,707
125,708
126,709
127,710
128,711
129,712
130,713
131,714
132,715
133,716
134,717
135,718
136,719
137,720
141,724
142,725
143,726
144,727
145,728
146,729
147,730
148,731
149,732
151,734
153,736
154,737
155,738
156,739
157,740
159,742
160,743
161,744
162,745
163,746
164,747
166,749
167,750
168,751
169,752
170,753
171,754
172,755
173,756
174,757
176,759
177,760
178,761
180,763
181,764
182,765
183,766
184,767
185,768
186,769
187,770
188,771
189,772
190,773
191,774
192,775
193,776
194,777
195,778
196,779
197,780
198,781
199,782
200,783
201,784
202,785
203,786
204,787
205,788
206,789
207,790
208,791
209,792
211,794
212,795
213,796
214,797
216,799
217,800
218,801
219,802
220,803
221,804
222,805
223,806
224,807
225,808
226,809
227,810
228,811
229,812
230,813
231,814
232,815
233,816
234,817
235,818
236,819
237,820
238,821
239,822
240,823
241,824
242,825
243,826
244,827
245,828
246,829
247,830
248,831
249,832
250,833
251,834
253,836
254,837
255,838
256,839
257,840
258,841
259,842
260,843
262,845
263,846
264,847
265,848
266,849
267,850
268,851
270,853
271,854
272,855
273,856
274,857
275,858
276,859
277,860
278,861
279,862
280,863
281,864
282,865
283,866
286,869
287,870
288,871
289,872
290,873
291,874
292,875
293,876
294,877
295,878
296,879
297,880
298,881
299,882
300,883
301,884
303,886
304,887
305,888
306,889
307,890
308,891
309,892
310,893
311,894
312,895
313,896
314,897
315,898
316,899
317,900
318,901
320,903
321,904
322,905
323,906
324,907
325,908
326,909
327,910
329,912
330,913
331,914
332,915
333,916
334,335,917,918
336,919
337,920
338,921
339,922
340,923
341,924
342,925
343,926
344,927
345,928
41,346,360,624,929,943
42,347,361,625,930,944
348,362,931,945
349,932
352,366,935,949
353,936
356,939
357,940
358,941
359,942
48,363,631,946
45,351,365,628,934,948
367,950
369,952
370,953
371,954
372,955
373,956
374,957
375,958
376,959
377,960
378,961
382,965
383,966
384,967
385,968
387,970
388,971
389,972
392,975
393,976
394,977
395,978
396,979
397,980
398,981
399,982
400,983
401,984
402,985
403,986
404,987
405,988
406,989
407,990
409,992
410,993
411,994
412,995
413,996
414,997
416,999
417,1000
418,1001
419,1002
420,1003
421,1004
422,1005
423,1006
424,1007
425,1008
426,1009
427,1010
428,1011
429,1012
430,1013
431,1014
432,1015
433,1016
434,1017
435,1018
436,1019
437,1020
438,1021
439,1022
440,1023
441,1024
442,1025
443,1026
444,1027
445,1028
446,1029
447,448,1030,1031
450,1033
451,1034
452,1035
454,1037
453,455,1036,1038
456,1039
457,1040
458,1041
150,459,733,1042
460,1043
461,1044
462,1045
463,1046
464,1047
465,1048
467,1049
468,1050
469,1051
470,1052
471,1053
472,1054
473,1055
474,1056
475,1057
476,1058
477,1059
478,1060
479,1061
480,1062
481,1063
482,1064
483,1065
485,1067
486,1068
487,1069
488,1070
489,1071
490,1072
491,1073
492,1074
493,1075
494,1076
496,1078
497,499,1079,1081
498,500,1080,1082
501,1083
502,1084
503,1085
504,1086
505,1087
506,1088
508,1090
509,1091
510,1092
511,512,1093,1094
514,1096
515,1097
516,1098
517,1099
518,1100
519,1101
520,1102
521,1103
522,1104
523,1105
524,1106
525,1107
526,1108
527,1109
529,1111
530,1112
532,1114
533,1115
534,1116
535,1117
536,552,1118,1134
537,1119
538,1120
539,1121
540,1122
541,542,1123,1124
543,1125
544,1126
545,1127
546,1128
547,1129
548,1130
550,1132
551,1133
553,1135
554,1136
555,1137
556,1138
557,1139
558,1140
559,1141
560,1142
561,1143
562,1144
564,1146
565,1147
566,1148
567,1149
568,1150
569,1151
570,1152
571,1153
572,1154
573,1155
574,1156
575,1157
576,1158
577,1159
578,1160
579,1161
580,1162
581,1163
582,1164
