165,166
174,248
184,240
213,289
230,259
355,358,359,360,362,363
369,370,371
376,383
379,380,381
384,385
387,388
389,390
395,396,397,398
406,407
408,411,415
409,410
414,431,435
417,420,421,422,423,430,432,433,436,437,438,439
424,425
447,448
455,456
464,465
528,530,7232,7234
529,531,7233,7235
532,7236
533,7237
534,7238
535,7239
536,7240
537,7241
538,7242
539,7243
540,7244
541,7245
542,7246
543,7247
544,7248
545,7249
546,7250
547,7251
548,7252
549,7253
550,7254
551,7255
552,7256
553,7257
554,7258
555,7259
556,7260
558,7261
559,7262
560,7263
563,7264
564,7265
565,7266
566,7267
567,7268
568,7269
569,7270
570,7271
571,7272
572,7273
573,7274
574,7275
575,7276
576,7277
577,7278
578,7279
579,7280
580,7281
581,7282
582,7283
583,7284
584,7285
585,7286
586,7287
587,7288
588,7289
589,7290
590,7291
591,7292
592,7293
593,7294
594,7295
595,7296
596,7297
597,7298
598,7299
599,7300
600,7301
601,7302
602,7303
603,7304
604,7305
605,7306
606,7307
607,7308
608,609,7309,7310
610,7311
611,7312
612,7313
613,7314
614,7316
615,7317
616,7318
617,7319
618,7320
619,7321
620,7322
621,622,7323,7324
623,7325
624,7326
625,7327
626,7328
627,7329
628,7330
629,7331
630,7332
632,7334
635,639,7337,7341
636,7338
633,637,7335,7339
634,638,7336,7340
640,7342
641,7343
642,7344
644,7346
647,7350
648,7351
649,7352
650,1232,7353,7973
653,1235,7356,7976
654,7357
656,7359
657,7360
659,7363
660,7364
661,7365
662,7366
663,7367
664,7368
665,7370
666,7371
667,7375
668,669,7376,7377,8521,8522
670,7378
671,7379
673,7381
674,7382
675,7383
676,7384
677,7385
678,7386
679,7387
680,7388
681,7393
682,7394
683,7395
684,7396
685,7397
686,7398
687,7406
688,7407
689,7408
690,7409
691,7410
693,7412
694,7413
696,7415
697,7417
699,7421
701,7423
702,7424
695,703,7414,7425
704,7426
705,7427
706,707,7428,7429
708,7431
709,7432
710,7433
711,7434
712,7435
713,7436
714,7437
715,7438
716,7439
717,7440
718,7441
719,7442
720,7443
721,7444
722,7445
723,7446
724,7447
725,7448
726,7449
727,7450
728,7451
729,730,7452,7453,8527,8528
731,732,7454,7455,8529,8530
733,7456
734,7457
735,7458
736,7459
744,7466
745,746
749,7470
750,7471
751,1476,1479,1482,7472,8221,8225,8229,8532
753,7479
754,7473
755,7474
756,7475
757,7476
758,759,760,819,820,821,7482,7483,7484,7544,7545,7546
761,823,7485,7548
762,7486
763,7487
769,7494,8541
770,7495
771,7496
772,7497
773,7498
775,7500
776,7502
779,7505
780,7506
785,7510
786,7511
787,788
793,7513
794,7514
795,7515
796,7516
797,7517
798,7518
799,7519
800,7520
801,7521
802,7522
803,7523
804,7524
805,7525
806,807,7526,7527
808,7528
809,7529
810,7530
811,7531
812,7532
816,7535
774,822,7499,7547
824,7549
825,7550
826,7552
827,7553
828,7554
832,7558
833,7560
835,7562
836,7563
842,7564
843,7565
844,7566
845,7567
846,7568
847,7569
848,7577
849,7578
850,7579
851,7580
852,7581
853,7582
856,7587
857,7588
858,7589
859,7590
860,7591
861,7592
862,7593
863,7597
864,7598
865,7599
866,7601
867,7602
868,7603
869,7604
870,7605
871,7606
872,7607
873,7608
874,7609
876,7611
877,7612
878,7613
879,7614
880,7615
881,7616
882,883,7617,7618
884,7619
885,7620
886,7621
887,7622
888,7623
889,7624
890,891,7625,7626
892,7627
643,893,7345,7628
894,7629
895,7630
646,896,7349,7631
897,7632
900,7634
901,7635
902,7636
903,7637
904,7638
905,7639
906,7640
907,7641
908,7642
909,7643
910,7644
911,7645
912,7646
913,7647
914,7649
915,7650
916,7651
917,7652
918,7653
919,7654
920,7655
921,7656
922,7657
923,7658
924,7659
925,7660
926,7661
927,7662
928,7663
929,7664
930,7665
931,7666
932,7667
933,7668
934,7672
936,7674
935,937,938,7673,7675,7676
939,7677
940,7678
941,7681
942,7682
945,7685
946,7686
943,944,947,7683,7684,7687
948,7688
949,7689
950,7690
951,7691
952,7692
953,7693
954,7694
955,7695
956,7698
957,7699
958,7700
959,7701
960,7702
961,7703
962,7704
963,7705
964,7706
965,7707
966,7708
967,7709
968,7710
969,7711
970,7712
971,977
979,7713
980,7714
981,7715
982,7716
983,7718
984,7719
985,7720
986,7721
987,7722
988,7723
989,7724
990,7725
991,7726
992,7727
993,7728
994,7729
995,7730
1002,7508
1004,7737
1005,7738
1006,7739
1007,7740
1008,7741
1009,7742
1010,7743
1011,7744
1012,7745
1013,7746
1014,7747
1016,7749
1017,7750
1018,7751
1019,1020,1021,7752,7753,7754
1022,7755
1023,7756
1024,7757
1025,7758
1026,7759
1027,7760
1028,7761
1029,7762
1030,7763
1031,7764
1032,7765
1033,7766
1034,7767
1035,7768
1036,7769
1037,7770
1038,7771
1039,7772
1040,7773
1041,7774
1042,7775
1043,7776
1044,1045,7777,7778
1046,7779
1047,7780
1048,7781
1049,7782
1050,7783
1051,7794
1052,7795
1053,7796
1054,7799
1055,7800
1056,7801
1057,7802
1058,7803
1059,7804
1060,7805
1061,1062
1063,7806
1064,7807
1065,7808
1066,7809
1067,7810
1068,7811
1069,7812
1072,7813
1073,7814
1078,7817
1079,7818
1080,7819
1081,7820
1082,7821
1083,7822
1084,7823
1085,7824
1086,7825
1087,7826
1088,7827
1089,7828
1090,7829
1091,7830
1092,7831
1093,7832
1094,7833
1095,7834
1096,7835
1097,7836
1098,7837
1099,7839
1100,7841
1101,7842
1102,7843
1103,7844
1104,7845
1105,7846
1106,1113,7847,7854
1107,7848
1108,7849
1109,7850
1110,7851
1111,7852
1112,7853
1114,7855
1115,7856
1116,7857
1117,7858
1118,7859
1119,7860
1120,7861
1121,7862
1122,7863
1123,7864
1124,7865
1125,7866
1126,7867
1127,7868
1128,7869
1129,7870
1130,7871
1131,7872
1132,7873
1133,7874
1134,1135,7875,7876
1136,7877
1137,7878
1138,7879
1139,7880
1140,7881
1141,7882
1142,7883
1143,7884
1144,7885
1145,7886
1146,7887
1148,7889
1149,7890
1150,7891
1151,7892
1147,1152,7888,7893
1153,7894
1154,7895
1155,7896
1156,7897
1157,7898
1158,7899
1159,7900
1160,7901
1161,7902
1162,7903
1163,7904
1164,7905
1165,7906
1166,7907
1167,7908
1168,7909
1169,7910
1170,7911
1171,7912
1172,1173,1174,7913,7914,7915
1175,7916
1176,1177,1178,7917,7918,7919
1179,7920
1180,7921
1181,7922
1182,7923
1183,7924
1184,1188,7925,7929
1185,1186,7926,7927
1187,7928
1189,7930
1190,7931
1191,7932
1192,7933
1193,7934
1194,7935
1195,7936
1196,7937
1197,7938
1198,7939
1199,7940
1200,7941
1201,7942
1202,7943
1203,7944
1204,7945
1205,7946
1206,7947
1207,7948
1208,7949
1209,7950
1210,7951
1211,7952
1212,7953
1213,7954
1214,7955
1215,7956
1216,7957
1217,7958
1218,7959
1219,7960
1220,7961
1221,7962
1222,7963
1223,7964
1224,7965
1225,7966
1226,7967
1227,7968
1228,7969
1229,7970
1230,7971
1231,7972
651,1233,7354,7974
652,1234,7355,7975
1236,7977
1237,7978
1238,7979
1239,7980
1240,7981
1241,7982
1242,7983
1243,7984
1244,7985
1245,7986
1246,7987
655,1247,7358,7988
1249,7990
1250,7991
1251,7992
1252,1253,7993,7994
1254,7995
1255,7996
1256,7997
1257,7998
1258,7999
1259,8000
1260,8001
1261,8002
1262,8003
1263,8004
1264,8005
1265,8006
1266,8007
1267,8008
1268,8009
1269,8010
1270,8011
1271,8012
1272,8013
1273,8014
1274,8015
1275,8016
1276,8017
1277,8018
1278,8019
1279,8020
1280,8021
1281,8022
1282,8023
1283,8024
1284,8025
1285,8026
1286,8027
1287,8028
1288,8029
1289,8030
1290,8031
1291,8032
1292,8033
1294,8034
1295,8035
1296,8036
1297,8037
1298,8038
1303,8040
1304,8041
1305,8042
1306,8043
1307,1308,8044,8045
1309,8046
1310,8047
1311,8048
1312,8049
1313,8050
1314,8051
1315,8052
1316,8053
1317,8054
1318,1329,8055,8078
1319,8056
1320,8057
1321,8058
1322,8059
1323,8060
1324,8061
1325,8074
1326,8075
1327,8076
1328,8077
1330,8079
1331,8080
1332,8081
1333,8082
1334,8083
1335,8084
1336,8085
1337,8086
1338,8087
1339,8088
1340,8089
1341,8090
1342,8091
1343,8092
1344,8093
1345,8094
1346,8095
1347,8096
1348,8097
1349,8098
1350,8099
1352,1364,1379,1380,5836,8101,8113,8128,8129,12878
1353,8102
1354,8103
1355,8104
1356,8105
1357,8106
1358,8107
1359,8108
1360,8109
1361,8110
1362,8111
1351,1363,8100,8112
1365,1366,8114,8115
1367,8116
1368,8117
1369,8118
1370,8119
1371,8120
1372,8121
1373,8122
1374,8123
1375,8124
1376,8125
1377,8126
1378,8127
1381,8130
1382,8131
1383,8132
1384,8133
1385,1389,8134,8138
1386,8135
1387,8136
1388,8137
1390,8139
1391,8140
1392,8141
1393,8142
1394,8143
1395,8144
1396,8145
1397,8147
1398,8148
1399,8149
1400,8150
1401,8151
1402,8152
1403,8153
1404,8154
1414,8158
1415,8159
1416,8160
1417,8161
1418,8162
1419,8163
1420,8164
1421,8165
1422,8166
1423,8167
1424,8168
1425,8169
1426,8170
1427,8171
1428,8172
1429,8173
1431,8175
1433,8177
1435,8179
1436,8180
1438,8182
1440,8184
1441,8185
1443,1453,1463,1473,1492,1506,8187,8197,8207,8217,8239
1447,8191
1448,8192
1449,8193
1450,8194
1451,8195
1455,1465,8199,8209
1457,8201
1459,8203
1460,8204
1461,8205
1432,1439,1444,1454,1464,1483,1493,1509,8176,8183,8188,8198,8208,8230,8240,8252
1456,1466,8200,8210
1467,8211
1469,8213
1470,8214
1471,8215
1474,8218
1475,8220
1477,8222
1478,8224
1480,8226
1481,8228
1486,8233
1489,8236
1490,8237
1437,1442,1452,1462,1472,1491,1505,8181,8186,8196,8206,8216,8238,8248
1445,1484,1494,1510,1517,8189,8231,8241,8253,8260
1496,8243
1497,8244
1498,8245
1499,8246
1434,1458,1468,1487,1501,1513,1519,8178,8202,8212,8234,8256,8262
1502,8247
1507,8249
1508,8251
1512,8255
1488,1514,8235,8257
1515,8258
1516,8259
1446,1485,1495,1511,1518,8190,8232,8242,8254,8261
1520,1525,8263,8268
1521,8264
1522,8265
1523,8266
1524,8267
1526,8269
1527,1533,1539,8270,8276,8282
1528,8271
1529,8272
1530,8273
1531,1537,8274,8280
1532,8275
1534,8277
1535,8278
1536,8279
1538,8281
1540,8283
1541,8284
1542,8285
1543,8286
1544,8287
1545,8288
1546,8289
1547,8290
1548,8291
1549,8292
1550,8293
1551,8294
1552,8295
1553,8296
1554,8297
1556,8299
1557,8300
1558,8301
1560,8303
1561,8304
1562,8305
1563,8306
1564,8307
1565,8308
1566,8309
1567,8310
1568,8311
1569,8312
1570,8313
1571,8314
1572,8315
1573,8316
1574,8317
1575,8318
1576,8319
1577,8320
1580,8321
1581,8322
1582,8323
1583,8324
1584,8325
1585,8326
1586,8327
1587,8328
1588,8329
1595,1596,8330,8331
1597,1599,8332,8334
1598,8333
1600,8335
1601,8336
1602,8337
1603,8338
1604,8339
1605,8340
1606,8341
1607,8342
1608,8343
1609,8344
1610,8345
1611,8346
1612,8347
1613,8348
1614,8349
1615,8350
1616,8351
1617,8352
1618,8353
1619,8354
1620,8355
1621,8356
1622,8357
1623,8358
1624,8359
1625,8360
1626,8361
1627,8362
1628,8363
1629,8364
1630,8365
1631,8366
1632,8367
1633,8368
1634,8369
1635,8370
1636,8371
1637,8372
1638,8373
1639,8374
1640,8375
1641,8376
1642,8377
1643,8378
1644,8379
1645,1646
1647,8382
1648,1649,8383,8384
1650,8385
1651,8386
1659,8389
1660,8390
1661,8391
1662,8392
1663,8393
1664,8394
1665,8395
1666,8396
1667,8397
1669,8399
1670,8400
1671,8401
1672,8402
1673,8403
1674,8404
1675,8405
1676,8406
1677,8407
1678,8408
1679,8409
1680,8410
1681,8411
1683,8413
1684,8414
1685,8415
1686,8416
1687,8417
1688,8418
1689,8419
1690,8420
1691,8421
1692,8422
1693,8423
1694,8424
1695,8425
1696,8426
1697,8427
1698,8428
1699,8429
1700,8430
1701,8431
1702,8432
1703,8433
1704,8434
1705,8435
1706,8436
1707,8437
1708,1709,8438,8439
1710,8440
1711,8441
1712,8442
1713,8443
1714,8444
1715,8445
1716,8446
1717,8447
1718,8448
1719,8449
1720,8450
1721,8451
1722,8452
1723,8453
1724,8455
1725,8456
1726,8457
1727,8458
1728,8459
1729,8460
1730,8461
1731,8462
1732,8463
1733,8464
1734,8465
1735,8466
1736,8467
1737,8468
1738,8469
1739,8470
1740,8471
1741,8472
1742,8473
1743,8474
1744,8475
1745,8476
1746,8477
1747,1748,8478,8479
1749,8480
1750,8481
1751,8482
1752,8483
1753,8484
1754,8485
1755,8486
1756,8487
1758,8566
1759,8567
1760,8568
1761,8570
1762,8571
1766,8575
1767,8576
1768,8577
1770,8579
1771,8580
1772,8581
1773,8582
1776,8585
1777,8586
1778,8587
1779,8588
1780,8589
1781,8590
1782,8591
1783,8592
1784,8593
1785,8594
1786,8595
1787,8596
1788,8597
1789,8598
1790,8599
1791,8600
1792,8601
1793,8602
1794,8603
1795,8604
1796,8605
1797,8606
1798,1802,8607,8611
1763,1765,1799,1800,8572,8574,8608,8609
1764,1801,8573,8610
1803,8612
1804,8613
1805,8614
1807,8616
1808,8617
1811,8620
1812,8621
1813,8622
1814,8623
1815,8624
1816,8625
1817,8626
1818,8627
1820,8629
1821,2133,8630,8947
1822,8631
1823,8632
1774,1824,8583,8633
1775,1825,8584,8634
1826,8635
1827,8636
1828,8637
1829,2027,8638,8841
1831,8640
1832,8641
1833,8642
1834,8643
1835,8644
1836,8645
1837,8646
1838,8647
1839,8648
1840,8649
1841,8650
1844,2037,8653,8851
1845,8654
1848,8657
1850,2043,8659,8857
1851,2041,8660,8855
1852,3657,8661,10559
1853,8662
1854,8663
1855,8664
1856,8665
1857,1876,8666,8687
1858,8667
1860,8669
1861,8670
1862,8671
1863,8672
1864,8673
1865,8674
1866,8675
1867,8676
1868,8677
1869,8678
1870,8679
1871,8680
1872,8681
1873,8682
1874,8683
1875,8686
1877,8688
1878,8689
1880,8691
1881,8692
1882,8693
1883,8694
1884,8695
1885,8696
1886,8697
1887,8698
1888,8699
1889,8700
1890,8701
1891,8702
1892,8703
1893,8704
1894,8705
1895,8706
1896,8707
1897,8708
1898,8709
1899,8710
1900,8711
1901,8712
1902,8713
1903,8714
1904,8715
1905,8716
1906,8717
1907,8718
1908,8719
1909,8720
1910,8721
1911,8722
1912,8723
1913,8724
1914,1915,8725,8726
1916,8727
1917,8728
1918,8729
1919,8730
1920,8731
1921,8732
1922,8733
1923,8734
1757,1924,2130,8565,8735,8944
1843,1926,1927,1928,1930,2036,2038,2053,8652,8737,8738,8739,8741,8850,8852,8867
1929,8740
1931,8742
1932,8743
1933,8744
1934,8745
1935,8746
1936,8747
1937,8748
1938,8749
1939,8750
1940,8751
1941,8752
1942,8753
1943,8754
1944,8755
1945,1946,8756,8757
1947,1948,8758,8759
1949,8760
1950,8761
1951,8762
1952,8763
1953,8764
1954,8765
1955,8766
1956,8767
1958,1959,8769,8770
1957,1960,8768,8771
1962,8773
1963,1964,1966,8774,8775,8777
1965,8776
1967,8778
1961,1968,8772,8779
1969,1970,1971,1972,8783,8784,8785,8786
1973,8787
1975,8789
1976,8790
1977,8791
1978,8792
1979,8793
1980,8794
1981,8795
1982,8796
1983,8797
1984,8798
1985,1989,8799,8803
1986,1990,8800,8804
1993,8807
1995,8809
1996,8810
1997,8811
2000,2004,8814,8818
1998,1999,2002,2003,8812,8813,8816,8817
2001,2005,8815,8819
2006,8820
2007,8821
2008,8822
2009,8823
2011,8825
2012,8826
2013,8827
2015,8829
2016,8830
2017,8831
2018,8832
2019,8833
2020,2021,8834,8835
2022,8836
2023,8837
2024,8838
2025,8839
2026,8840
1830,2028,8639,8842
2029,8843
2030,8844
2031,8845
2032,8846
2033,8847
2034,8848
2039,8853
2040,8854
1849,2042,8658,8856
2014,2044,8828,8858
2045,8859
2046,8860
2047,8861
2048,8862
2049,8863
2050,8864
2051,8865
2054,8868
2056,2058,2060,2303,8870,8872,8874,9164
2061,8875
2063,8877
2065,8879
2066,8880
2067,8881
2068,8882
2069,8883
2070,8884
2071,8885
2072,8886
2073,8887
2074,8888
2075,8889
2010,2076,8824,8890
2078,8892
2079,8893
2080,8894
2081,8895
2082,8896
2083,8897
2084,8898
2085,8899
2086,8900
2087,8901
2088,8902
2089,8903
2090,8904
2091,8905
2092,8906
2093,8907
2094,8908
2095,8909
2096,8910
2097,8911
2098,8912
2099,8913
2100,8914
2101,8915
2102,8916
2103,8917
2104,8918
2105,8919
2106,8920
2107,8921
2108,8922
2109,8923
2110,8924
2111,8925
2112,8926
2113,8927
2114,8928
2115,8929
2116,8930
2117,8931
2118,8932
2119,8933
2120,8934
2121,8935
2122,8936
2123,8937
2124,8938
2125,8939
2127,8941
2126,2128,8940,8942
2129,8943
2131,8945
2132,8946
2134,8948
2135,8949
2136,8950
2137,8951
2138,8952
2139,8953
2140,8954
2141,8955
2142,8956
2143,8957
2144,8958
2145,8959
2146,8960
2147,8961
1842,2035,2052,2148,8651,8849,8866,8962
1769,2077,2149,8578,8891,8963
2150,8964
2151,8965
2152,8966
2153,8967
2154,8968
2155,8969
2156,8970
2157,8971
2158,8972
2159,8979
2160,8980
2161,8981
2162,8982
2163,8983
2164,8985
2165,8986
2166,8987
2167,8988
2168,8989
2169,8990
2170,8991
2171,2172,8992,8993
2173,8994
2174,8995
2175,8996
2176,8997
2177,8998
2178,8999
2179,9000
2180,9001
2181,9002
2182,9003
2183,9004
2184,9005
2185,9006
2186,9007
2187,9008
2188,9010
2189,9011
2190,9012
2191,9013
2192,9014
2193,9015
2194,2197,9016,9019
2195,9017
2196,9018
2198,9020
2199,9021
2200,9022
2201,9023
2202,9024
2203,9025
2204,9026
2205,9027
2206,9042
1806,2207,8615,9043
2208,9044
2209,9045
2210,9046
2211,9047
2212,9048
2213,9049
2214,9054
2215,9060
2216,9061
2217,9062
2218,9063
2219,9064
2220,9065
2221,9066
2222,9067
2223,9072
2224,2243,9073,9092
2225,9074
2226,9075
2227,9076
2228,9077
2229,9078
2230,9079
2232,9081
2233,9082
2234,9083
2235,9084
2236,9085
2237,9086
2238,9087
2239,9088
2240,9089
2241,9090
2242,9091
2244,2245,9093,9094
2246,9095
2247,9096
2231,2248,9080,9097
2249,9098
2250,9099
2251,9100
2252,9101
2253,2254,9102,9103
2255,9104
2256,9105
2257,9106
2258,9107
2259,9108
2260,9109
2261,9110
2262,9111
2263,9112,9113
2264,9114,9115,9116
2265,9117
2266,9118
2267,9119
2268,9120
2269,9122
2270,9123
2271,9124
2272,9126
2273,9127
2274,9128
2275,9129
2276,9130
2277,9131
2279,9134
2280,9135
2286,9142
2287,9144,9145,9146
2288,9147
2289,2290,9148,9149
2291,9150
2293,2301,9153,9162
2294,9154
2295,9155
2296,9157
2297,9143,9158
2298,9159
2299,9160
2292,2300,9152,9161
2304,9165
2305,9166
2306,9167
2307,9168
2308,9169
2309,9170
2310,9171
2313,9173
2314,9174
2315,9175
2316,9176
2317,9177
2318,9178
2319,9179
2320,9180
2321,9181
2322,9182
2323,9183
2324,9184
2325,9185
2326,9186
2327,9187
2328,9188
2329,9189
2330,9191
2331,9192
2332,9193
2333,9194
2334,9195
2335,9196
2336,9197
2337,9198
2338,9199
2339,9200
2340,9201
2341,9202
2342,9203
2343,9204
2346,9207
2347,9208
2348,9209
2349,9210
2350,9211
2351,9212
2352,9213
2353,9214
2354,9215
2355,9216
2356,9217
2357,9218
2358,9219
2359,9220
2360,9221
2361,9222
2362,9223
2363,9224
2364,9225
2365,9226
2366,9227
2367,9228
2368,9229
2369,9230
2370,9231
2371,9232
2372,9233
2373,9234
2374,9235
2376,9237
2377,9238
2378,2379,9239,9240
2380,9241
2381,9242
2382,9243
2383,9244
2384,9245
2385,9246
2386,2387,9247,9248
1810,1847,2388,8619,8656,9249
2389,9250
2390,9251
2391,9252
2392,9253
2393,2395,9254,9256
2394,9255
2396,9257
2397,9258
2398,9259
2399,9260
2400,2403,3879,9261,9264,10806
2401,9262
2402,9263
2404,9265
2405,9266
2406,9267
2407,9268
2408,9269
2409,9270
2410,9271
2411,9272
2412,9273
2413,2414,9274,9275
2415,9276
2416,9277
2417,9278
2418,9279
2420,9281
2421,9282
2422,9283
2423,9284
2424,9285
2425,9286
2426,9287
2428,9289
2429,9290
2430,9291
2431,9292
2432,9293
2434,9295
2435,9296
2436,9297
2437,9298
2438,9299
2439,2440,9300,9301
2441,9302
2442,9304
2443,9305
2444,9306
2445,9307
2446,9308
2447,9309
2448,9310
2449,9311
2450,9312
2451,9314
2452,9315
2453,9316
2454,9317
2455,9318
2456,9319
2457,9320
2458,9321
2459,9322
2460,9323
2461,9324
2462,9325
2463,9326
2464,9327
2465,9328
2466,9329
2467,9330
2468,9331
2469,9332
2470,9333
2471,9334
2472,9335
2473,9336
2474,9337
2475,9338
2476,9339
2477,9340
2478,9341
2479,9342
2480,9343
2481,9344
2482,9345
2483,9346
2484,9347
2485,9348
2486,9349
2487,9350
2488,9351
2489,9352
2490,9353
2491,9354
2492,9355
2493,9356
2494,9357
2495,2496,2497,2498,9358,9359,9360,9361
2499,9362
2500,9363
2501,9364
2502,9365
2503,9366
2504,9367
2505,9368
2506,9369
2507,9370
2508,9371
2509,2511,2513,9372,9374,9376
2510,9373
2512,9375
2514,9377
2515,9378
2516,9379
2517,9380
2518,9381
2519,9382
2520,9383
2521,9384
2522,9385
2523,9386
2524,9387
2525,9388
2526,9389
2527,9390
2528,9391
2529,2530,9392,9393
2531,9394
2532,9395
2533,9396
2534,9397
2535,9398
2536,9399
2537,9400
2538,9401
2539,9402
2540,9403
2541,9404
2542,9405
2543,9406
2544,9407
2545,9408
2546,9409
2547,9412
2549,9414
2548,2550,9413,9415
2551,9416
2553,9420
2554,9421
2555,9422
2556,9423
2557,9424
2558,9425
2559,9426
2560,9427
2561,9428
2562,9429
2563,9430
2564,9431
2565,9432
2566,9433
2567,9434
2568,9435
2569,9436
2570,9437
2571,2572,9439,9440
2573,9441
2575,9443
2576,9444
2577,9445
2578,9446
2579,9447
2580,9448
2581,9449
2582,9450
2583,9451
2584,9452
2585,9453
2586,9454
2587,9455
2588,9456
2589,9457
2590,9458
2591,9459
2592,9460
2593,9461
2594,9462
2595,9463
2596,9464
2597,9465
2601,9469
2602,9470
2603,9471
2604,2605,9472,9473
2606,2607,9474,9475
2608,9476
2609,9477
2610,9478
2611,9479
2612,9480
2613,9481
2614,9482
2600,2615,2616,9468,9483,9484
2617,9485
2619,9487
2618,2620,2636,9486,9488,9504
2622,9490
2623,9491
2624,9492
2625,9493
2626,9494
2627,2628,2629,2630,9495,9496,9497,9498
2631,2632,2633,2634,9499,9500,9501,9502
2635,9503
2621,2637,2638,9489,9505,9506
2639,9507
2640,9508
2641,9509
2642,9510
2643,9511
2644,9512
2645,9513
2646,9514
2647,9515
2648,9516
2649,9517
2650,9518
2651,9519
2652,9520
2653,9521
2654,9522
2655,9523
2656,9524
2658,9526
2659,9527
2660,9528
2661,9529
2662,9530
2663,9531
2664,9532
2665,9533
658,1248,2666,7361,7989,9534
2667,9535
2668,9536
2669,9537
2670,9538
2671,9539
2672,9540
2673,9541
2674,9542
2675,9543
2676,9544
2677,9545
2678,9546
2679,9547
2680,9548
2681,9549
2682,9550
2683,9551
2684,9552
2685,9553
2686,9554
2687,9555
2688,9556
2689,2690,9557,9558
2691,9559
2692,9560
2693,9561
2694,9562
2695,3276,9563,10162
2696,3280,9564,10166
2697,3281,9565,10167
2698,3282,9566,10168
2699,3278,9567,10164
2700,2701,9568,9569
2702,9570
2703,9571
2704,9572
2706,9574
2707,9575
2708,9576
2709,9577
2710,9578
2711,9579
2712,9580
2715,9583
2716,9584
2717,9585
2718,9586
2719,9587
2720,9588
2721,9589
2722,9590
2723,9591
2724,2726,9592,9594
2725,9593
2727,9595
2728,9596
2729,9597
2730,2731,2732,2733,9598,9599,9600,9601
2734,9602
2735,9603
2738,9606
2739,2749,9607,9617
2740,9608
2741,9609
2742,2746,9610,9614
2743,9611
2745,2747,9613,9615
2748,9616
2750,9618
2751,9619
2752,9620
2753,9621
2754,9622
2755,9623
2756,9624
2757,9625
2758,9626
2759,9627
2760,9628
2761,9629
2762,9630
2763,9631
2764,9632
2765,9633
2766,9634
2767,9635
2769,9637
2770,9638
2771,9639
2772,9640
2773,9641
503,1555,2774,2784,6835,8298,9642,9652,13900,14631
2775,9643
2776,9644
2777,9645
2778,9646
2779,9647
2780,9648
2781,9649
2782,9650
2783,9651
2785,9653
2786,9654
2787,9655
2788,9656
2789,9657
2790,2791,9658,9659
2792,9660
2793,9661
2794,9662
2795,9663
2796,9664
2797,9665
2798,9666
2799,9667
2800,9668
2801,9669
2802,9670
2803,9671
2804,9672
2805,9673
2806,9674
2807,9675
2808,9676
2810,9678
2812,9680
2814,9685
2815,9686
2816,9687
2817,9688
2818,9689
2819,9690
2820,9691
2821,2822,9692,9693
2823,9694
2824,9695
2825,9696
2826,9697
2827,9698
2828,9699
2829,9700
2830,9701
2831,9702
2832,9703
2833,9704
2834,9705
2835,9706
2836,9707
2837,9708
2838,9709
2839,9710
2840,9711
2841,9712
2842,9713
2843,9714
2844,9715
2845,9716
2846,9717
2847,9718
2848,9719
2849,9720
2850,9721
2851,9722
2852,9723
2853,9724
2854,9725
2855,9726
2856,9727
2857,9728
2858,9729
2859,9730
2860,9731
2861,9732
2862,9733
2863,9734
2864,2865,9735,9736
2866,9737
2867,9738
2868,9739
2869,9740
2870,9741
2871,9742
2872,9743
2873,9744
2874,9745
2876,9747
2875,2877,9746,9748
2878,9749
2879,2880,9750,9751
2881,9752
2882,9753
2883,9754
2884,9755
2885,9756
2886,9757
2887,9758
2889,9761
2890,9762
2891,9763
2893,9765
2895,9767
2897,9769
2898,9770
2899,9771
2900,9772
2901,9773
2902,9774
2903,9775
2905,2906,9777,9778
2907,9779
2908,9780
2911,2912,9783,9784
2913,2914,2915,9785,9786,9787
2916,2917,2918,9788,9789,9790
2919,9791
2920,2921,2922,9792,9793,9794
2923,9795
2924,9796
2925,9797
2926,9798
2927,9799
2928,9800
2929,2930,9801,9802
2931,2932,9803,9804
2933,9805
2934,2935,9806,9807
2936,9808
2937,9809
2938,9810
2939,9811
2940,9812
2941,9813
2942,9814
2943,9815
2944,9816
2945,9817
2946,9818
2947,9819
2949,9821
2950,9822
2951,9823
2952,9824
2953,9825
2957,2958,2960,9829,9830,9832
2959,9831
2964,9836
2965,9837
2966,9838
2967,9839
2970,9842
2971,9843
2972,9844
2973,2974,9845,9846
2975,9847
2976,9848
2977,9849
2978,9850
2979,9851
2980,9852
2981,9853
2982,9854
2983,9855
2984,9856
2985,9857
2986,9858
2987,9859
2988,9860
2989,9861
2990,9862
2991,9863
2992,9864
2993,9865
2994,9866
2995,9867
2996,9868
2997,9869
2998,9870
2999,9871
3001,9873
3002,9874
3003,9875
3004,9876
3005,3006,9877,9878
3007,9879
3008,9880
3009,9881
3010,9882
3011,9883
3012,9888
3013,9889
3014,9890
3015,9891
3016,9892
3017,9893
3018,9894
3019,9895
3020,9896
3021,9897
3022,9898
3023,9899
3024,9900
3025,9901
3026,9902
3027,9903
3028,9904
3029,9905
3030,9906
3031,9907
3032,9908
3035,9911
3033,3036,3040,9909,9912,9916
3038,9914
3039,9915
3034,3037,3041,9910,9913,9917
3042,9918
3043,9919
3044,9920
3045,9921
3046,9922
3047,9923
3048,9924
3049,9925
3050,9926
3051,9927
3052,9928
3053,3054,9929,9930
3055,9931
3056,9932
3057,9933
3058,9934
3059,9935
3060,9936
3061,3062,9937,9938
3063,3069,3075,3081,9939,9945,9951,9957
3064,9940
3065,9941
3066,9942
3067,3068,3073,3074,3079,3080,9943,9944,9949,9950,9955,9956
3070,9946
3072,9948
3077,9953
3071,3078,9947,9954
3076,3082,9952,9958
3083,9959
3084,9960
3085,9961
3086,9962
3087,9963
3088,9964
3089,9965
3090,9966
3091,9967
3092,9968
3093,9969
3094,9970
3095,9971
3096,9972
3097,9973
3098,9974
3099,9975
3100,9976
3101,9977
3102,9978
3103,9979
3104,9980
3105,9981
3106,9982
3107,9983
3108,9984
3110,9986
3111,9987
3112,9988
3113,9989
3114,9990
3115,9991
3116,9992
3117,9993
3118,9994
3119,9995
3120,9996
3121,9997
3122,9998
3123,9999
3124,10000
3125,10001
3126,10002
3127,10003
3128,10004
3129,10005
3130,10006
3131,10007
3132,10008
3133,10009
3134,10010
3135,10011
3136,10012
3137,10013
3138,10014
3139,10015
3140,10016
3141,10017
3142,10018
3144,10020
3145,10021
3146,10022
3147,10028
3148,10029
3149,3150,10030,10031
3151,4270,10032,11215
3152,4271,10033,11216
3154,10035
3155,10036
3156,10037
3157,3159,10038,10040
3158,10039
3160,10041
3161,10042
3162,10043
3163,10044
3164,3165,10045,10046
3166,10047
3167,10048
3168,10050
3169,10051
3170,10052
3171,10053
3173,10055
3174,10056
3175,10057
3176,10058
3177,10059
3178,10060
3180,3181,10062,10063
3182,10064
3183,10065
3184,4285,10066,11230
3185,10067
3187,10069
3188,10070
3189,10071
3190,10072
3191,10073
3192,10074
3194,10076
3195,10077
3196,10080
3197,3198,10081,10082
3199,10083
3200,10084
3201,10085
3202,10086
3203,10087
3204,10088
3205,10089
3206,10090
3207,10091
3208,10092
3209,10093
3210,10094
3211,10095
3212,10096
3213,10097
3214,10098
3215,10099
3216,10100
3217,10101
3218,10102
3219,10103
3220,10104
3221,10105
3222,10106
3223,10107
3224,10108
3225,10109
3226,10110
3227,10111
3228,10112
3229,10113
3230,10114
3231,3232,3233,10115,10116,10117
3234,10118
3235,10119
3236,10120
3237,10121
3238,10122
3239,10123
3240,10124
3241,10125
3242,10126
3243,10127
3244,10128
3245,10129
3246,10130
3247,10131
3248,10132
3143,3249,10019,10133
3250,10134
3251,10135
3252,10136
3253,10137
3254,10138
3255,10139
3256,10140
3257,10141
3258,10144
3259,10145
3260,10146
3261,10147
3262,10148
3263,10149
3264,10150
3265,10151
3266,10152
3267,10153
3268,10154
3269,10155
3270,10156
3271,10157
3272,10158
3273,10159
3274,10160
3275,3699,10161,10606
3277,10163
3279,10165
3283,10169
3284,10170
3285,10171
3286,4490,10172,11440
3287,10173
3288,10174
3289,4749,10175,11735
3290,10176
3291,10177
3292,10178
3293,10179
3294,10180
3295,10181
3296,10182
3297,10183
3298,3320,10184,10206
3299,10185
3300,10186
3301,10187
3302,10188
3303,10189
3304,10190
3305,10191
3306,10192
3307,10193
3308,10194
3309,10195
3311,10197
3313,10199
3314,10200
3315,10201
3316,10202
3317,10203
3318,10204
3319,10205
3321,10207
3322,10208
3323,10209
3324,10210
3325,10211
3326,10212
3327,10213
3328,10214
3329,10215
3330,10216
3331,10217
3332,3333,10218,10219
3334,10220
3335,10221
3336,10222
3337,10223
3338,10224
3339,10225
3340,10226
3341,10227
3342,10228
3343,10229
3344,10230
3345,10231
3346,10232
3347,10233
3348,10234
3349,10235
3350,10236
3351,10237
3352,10238
3353,10239
3354,10240
3355,10241
3356,10242
3357,10243
3358,10244
3359,3361,10245,10247
3360,10246
3362,10248
3363,10249
3364,10250
3365,10251
3366,10252
3367,10253
3368,10254
3369,3378,10255,10264
3371,10257
3372,10258
3373,3374,3375,10259,10260,10261
3376,10262
3377,10263
3370,3379,10256,10265
3380,10266
3382,10275
3383,10276
3384,10277
3385,10278
3390,10283
3391,10284
3392,3393,3394,10285,10286,10287
3395,10288
3396,10289
3397,10290
3398,10291
3387,3400,10280,10293
3388,3401,10281,10294
3402,10295
3403,10296
3404,10297
3405,10302
3406,10303
3407,10304
3408,10305
3409,10306
3410,10307
3411,10308
3412,10309
3413,10310
3414,10311
3415,10312
3417,10314
3418,10315
3419,10316
3420,10317
3421,10318
3422,10319
3423,10320
3424,10321
3425,10322
3426,3427,10323,10324
3428,10325
3429,10326
3431,10328
3436,3437,10333,10334
3439,10336
3442,10339
3443,10340
3444,10341
3445,10342
3446,10343
3447,10344
3448,10345
3449,10346
3450,10347
3451,10348
3452,10349
3453,10350
3454,10351
3455,10352
3456,10353
3457,10354
3458,10355
3459,10356
3460,10357
3462,10359
3463,10360
3464,10361
3465,10362
3466,10363
3467,10364
3468,10365
3469,10366
3470,10367
3471,10368
3472,10369
3473,10370
3474,10371
3475,10372
3476,10373
3477,10374
3478,10375
3479,10376
3480,10377
3481,10378
3482,10379
3483,10380
3484,10381
3485,10382
3486,10383
3487,10385
3488,10386
3489,10387
3490,10388
3491,10389
3492,10390
3493,10391
3494,10392
3495,3496,10393,10394
3497,3498,10395,10396
3499,10397
3500,3501,10398,10399
3502,10400
3503,10401
3504,3505,10402,10403
3506,10404
3507,10405
3508,10406
3509,10407
3510,10408
3511,10409
3512,10410
3513,10411
3514,10412
3515,4013,10413,10952
3516,10414
3517,10415
3518,10416
3519,10417
3520,10418
3521,10419
3522,10420
3523,10421
3524,10422
3525,10423
3526,10424
3527,10425
3528,10426
3529,10427
3530,10428
3531,10429
3532,10430
3533,10431
3534,10432
3535,10433
3536,10434
3537,10435
3538,10436
3539,10437
3540,10438
3541,10439
3542,10440
3543,10441
3544,10442
3545,10443
3546,10444
3547,10445
3548,10446
3549,10447
3550,10448
3551,3555,3563,3568,3572,3576,10449,10453,10461,10466,10470,10474
3552,10450
3553,10451
3554,10452
3556,10454
3557,10455
3558,10456
3559,10457
3560,10458
3561,10459
3562,10460
3566,10464
3567,10465
3569,10467
3571,10469
3573,10471
3565,3570,3574,3580,10463,10468,10472,10478
3577,10475
3578,10476
3579,10477
3581,10479
3582,10480
3583,10481
3584,10482
3585,10483
3586,10484
3587,10485
3588,10486
3589,10487
3590,10488
3591,10489
3592,10490
3593,10491
3594,10492
3595,4778,10493,11769
3597,10495
3598,10496
3599,10497
3600,10498
3602,10500
3603,10501
3604,10502
3605,10503
3606,10504
3607,10505
3608,10506
3609,10507
3610,10508
3611,10509
3612,10510
3310,3614,4177,4201,10196,10512,11119,11146
3615,3617,4185,4187,10513,10515,11127,11129
3616,4205,10514,11150
3618,10516
3619,10517
3620,3621,4196,4197,4825,10518,10519,11141,11142,11816
3622,10520
3623,10521
3625,10523
3626,10524
3627,10525
3628,10526
3629,3720
3630,10528
3632,3723,10530,10629
3634,3727,10532,10633
3635,10533
3636,10534
3638,3733,3863,10536,10639,10787
3639,3734,10537,10640
3640,10538
3641,10539
3642,10540
3643,10541
3644,10544
3645,10545
3646,10546
3647,10547
3649,10551
3650,10552
3651,10553
3652,10554
3653,10555
3654,10556
3655,10557
3658,10560
3659,10561
3660,10562
3662,10567
3666,10571
3667,10572
3669,10574
3670,10575
3671,10576
3674,3677,3824,10579,10582,10746
3676,10581
3678,3828,10583,10750
3679,10584
3680,3830,10585,10752
3681,10588
3684,3732,3834,10591,10638,10758
3685,10592
3686,10593
3687,3837,10594,10761
3688,3838,10595,10762
3690,10597
3691,10598
3692,10599
3693,10600
3694,10601
3695,10602
3696,10603
3697,10604
3698,10605
3700,10607
3701,10608
3702,10609
3703,10610
3704,10611
3705,10612
3706,10613
3707,10614
3708,10615
3709,10616
3710,10617
3711,10618
3712,10619
3713,10620
3714,10621
3715,10622
3719,10625
3721,10627
3631,3722,10529,10628
3664,3724,3744,3814,3856,10569,10630,10658,10736,10780
3633,3726,10531,10632
3729,10635
3730,10636
3731,10637
3736,10644
3737,10645
3738,10646
3648,3739,3877,10548,10647,10804
3740,3878,10648,10805
3741,10650
3742,10652
3663,3743,3813,10568,10657,10735
3665,3725,3745,3815,3857,10570,10631,10659,10737,10781
3746,10660
3747,10661
3748,10662
3749,10663
3750,10664
3753,10667
3754,3892,10668,10819
3755,3893,10669,10820
3758,3759,10676,10677
3760,3896,10678,10824
3761,10679
3762,3764,10680,10682
3763,10681
3765,10683
3766,3901,10684,10828
3767,3902,10685,10829
3769,3906,10687,10833
3770,10688
3772,10690
3773,10691
3774,10692
3775,10693
3776,10696
3777,10697
3778,10698
3779,10699
3780,10700
3781,10701
3782,10702
3783,10703
3784,10704
3785,10705
3786,10706
3787,10708
3788,10709
3789,10710
3790,10711
3791,10712
3793,10714
3794,10715
3795,10716
3796,10717
3797,10718
3798,10719
3799,3800,3801,10720,10721,10722
3802,10723
3803,10724
3804,10725
3805,10726
3806,10727
3807,3808,10728,10729
3809,10730
1809,1846,3661,3811,8618,8655,10566,10733
3812,10734
3816,10738
3817,10739
3668,3818,10573,10740
3819,10741
3820,10742
3821,10743
3672,3822,10577,10744
3673,3823,10578,10745
3675,3825,10580,10747
3826,10748
3827,10749
3829,10751
3831,10755
3682,3832,10589,10756
3683,3833,10590,10757
3835,10759
3836,10760
3839,10763
3840,10764
3841,10765
3842,10766
3846,10767
3848,10769
3849,10773
3850,3851
3852,10774
3853,10777
3718,3854,10624,10778
3855,10779
3858,10782
3859,10783
3728,3860,10634,10784
3861,10785
3864,10788
3865,10789
3866,10790
3867,10791
3868,10792
3869,10793
3870,10794
3871,10795
3872,10796
3873,10797
3874,10801
3875,3876,10802,10803
3880,3882,10807,10809
3881,3883,10808,10810
3884,10811
3885,10812
3886,10813
3887,10814
3751,3889,10665,10816
3752,3890,10666,10817
3891,10818
3756,3894,10670,10821
3898,10825
3899,10826
3900,10827
3768,3905,10686,10830
3907,10834
3771,3908,10689,10835
3909,10836
3910,10837
3911,10838
3912,10839
3913,10840
3914,10841
3915,10842
3916,10843
3917,10844
3918,10845
3919,10846
3920,10847
3921,10848
3922,10849
3923,10850
3924,10851
3925,10852
3926,10853
3927,10854
3928,10855
3931,10858
3932,3933,10859,10860
3929,3934,10856,10861
3930,3935,10857,10862
3936,10863
3938,3940,10865,10867
3937,3939,10864,10866
3941,10868
3942,10869
3943,10870
3944,10871
3945,10876
3946,10877
3947,3948,10878,10879
3949,10880
3951,10882
3950,3952,10881,10883
3953,10884
3954,10885
3955,3956,10886,10887
3957,10888
3958,3959,10889,10890
3960,10891
3962,10893
3964,10895
3965,3966,3967,3968,10896,10897,10898,10899
3969,10900
3970,10901
3971,10902
3972,3973,3974,3975,10903,10904,10905,10906
3976,3977
3978,10907
3979,10918
3980,10919
3981,10920
3982,10921
3983,10922
3984,10923
3985,10924
3986,10925
3987,10926
3988,10927
3989,10928
3990,10929
3991,10930
3992,10931
3993,3995,10932,10934
3994,3996,10933,10935
3997,10936
3998,3999,4000,10937,10938,10939
4001,4002,4003,4004,10940,10941,10942,10943
4005,10944
4006,10945
4008,10947
4007,4009,10946,10948
4010,10949
4011,10950
4012,10951
4014,10953
4015,10954
4016,10955
4017,10956
4018,10957
4019,10958
4020,10959
4021,10961
4022,10963
4023,10964
4024,10965
4025,10966
4026,10967
4027,10968
4028,10969
4029,10970
4030,4031,4033,4034,10971,10972,10974,10975
4032,10973
4035,10976
4036,10977
4037,10978
4038,10979
4039,10980
4040,10981
4041,10982
4042,10983
4043,10984
4044,10985
4045,10986
4046,10987
4047,10988
4048,10989
4049,10990
4050,10991
4051,10992
4052,10994
4053,4054,10995,10996
4055,10997
4056,10998
4057,10999
4058,11000
4059,11001
4060,4061,4063,11002,11003,11005
4062,11004
4064,11006
4065,11007
4066,11008
4067,11009
4068,11010
4069,11011
4070,11012
4071,11013
4072,11014
4073,11015
4074,11016
4075,11017
4076,11018
4077,11019
4078,11020
4079,11021
4080,4082,11022,11024
4081,11023
4083,11025
4084,11026
4085,11027
4086,11028
4087,11029
4088,11030
4089,11031
4090,11032
4091,11033
4092,11034
4093,11035
4094,11036
4095,11037
4098,11040
4096,4099,11038,11041
4097,4100,11039,11042
4101,4107,11043,11049
4102,11044
4103,11045
4104,4105,11046,11047
4106,11048
4108,11050
4109,11051
4110,11052
4111,11053
4112,11054
4113,11055
4114,11056
4115,11057
4116,11058
4117,11059
4118,11060
4119,11061
4120,11062
4121,11063
4122,11064
4123,11065
4124,11066
4125,11067
4126,11068
4127,11069
4128,11070
4129,11071
4130,11072
4131,11073
4132,4133,4137,4138,11074,11075,11079,11080
4134,11076
4139,11081
4135,4140,11077,11082
4136,4141,11078,11083
4142,11084
4143,11085
4144,11086
4145,11087
4146,11088
4147,11089
4148,11090
4149,11091
4150,11092
4151,11093
4152,11094
4153,11095
4154,11096
4155,11097
4156,11098
4157,4158,11099,11100
4159,11101
4160,4161,11102,11103
4162,11104
4163,4164,11105,11106
4165,11107
4166,11108
4167,11109
4168,11110
4169,11111
4170,11112
4171,11113
4172,11114
4173,11115
4174,11116
4175,11117
4176,11118
4178,11120
4179,11121
4180,4801,11122,11792
4181,11123
4182,11124
4183,11125
4184,11126
4186,11128
4188,11130
4189,11131
4190,11132
4191,11133
4192,4223,11134,11168
4193,11135
4194,11139
4195,11140
4200,11145
4202,11147
3312,4203,10198,11148
4204,11149
4206,11151
4207,11152
4208,11153
4209,11154
4210,11155
4211,11156
4212,11157
4213,11158
4214,11159
4215,11160
4216,11161
4218,11163
4219,11164
4220,11165
4221,11166
4222,11167
4224,11169
4225,11170
4226,11171
4227,11172
4228,11173
4230,11175
4231,11176
4232,11177
4233,11178
4234,4235,11179,11180
4236,11181
4237,11182
4238,11183
4239,11184
4240,11185
4241,11186
4242,11187
4243,11188
4244,11189
4245,11190
4246,11191
4247,11192
4251,11196
4252,4686,11197,11638
4253,11198
4254,11199
4255,11200
4256,11201
4257,11202
4258,11203
4259,11204
4260,4261,11205,11206
4262,11207
4263,11208
4264,11209
4265,11210
4266,11211
4267,11212
4268,11213
4269,11214
3153,4272,10034,11217
4273,11218
4274,11219
4275,11220
4276,11221
4277,11222
4278,11223
4279,11224
4280,11225
4281,4282,11226,11227
4283,4284,11228,11229
4286,11231
4287,11232
4288,11233
4289,11234
4290,11235
4291,11236
4292,11237
4293,11238
4294,11239
4295,11240
4296,11241
4297,11242
4298,11243
4299,11244
4300,11245
4301,11246
4302,11247
4303,11248
4304,11249
4305,4306,11250,11251
4307,4308,11252,11253
4309,4310,11254,11255
4312,11257
4314,4315,11259,11260
4316,11261
4317,11262
4318,11263
4313,4319,11258,11264
4320,11265
4321,11266
4322,11267
4323,11268
4324,11269
4325,11270
4326,11271
4329,4335,11274,11280
4330,11275
4331,4338,11276,11283
4332,11277
4327,4333,11272,11278
4328,4334,11273,11279
4336,11281
4337,11282
4340,11285
4343,11288
4344,11289
4341,4345,4350,11286,11290,11295
4346,11291
4342,4347,4352,11287,11292,11297
4348,11293
4349,11294
4351,11296
4339,4353,4354,4355,11284,11298,11299,11300
4356,11301
4357,11302
4358,11303
4359,11304
4360,11305
4361,4362,11306,11307
4363,11308
4364,11309
4365,11310
4366,11311
4367,11312
4368,11313
4369,11314
4370,11315
4371,11316
4372,11317
4373,11318
4374,11319
4375,11320
4376,11321
4377,11322
4378,4379,11323,11324
4380,11325
4381,11326
4382,11327
4383,11328
4384,4389,11329,11334
4385,4390,4391,11330,11335,11336
4386,11331
4387,11332
4388,11333
4392,11337
4393,11338
4394,11339
4395,11340
4396,11341
4397,11342
4401,4411,11346,11356
4402,4412,11347,11357
4404,4414,11349,11359
4405,11350
4406,11351
4407,11352
4311,4398,4408,11256,11343,11353
4399,4409,11344,11354
4400,4410,11345,11355
4403,4413,11348,11358
4415,11360
4416,11361
4417,11362
4418,11363
4419,4420,11364,11365
4421,11366
4422,11367
4423,11368
4424,11369
4425,11370
4426,11371
4427,11372
4428,11373
4429,11374
4430,11375
4431,11376
4432,11377
4433,11378
4434,11379
4435,11380
4436,11381
4437,11382
4438,11383
4439,11384
4440,11385
4441,11386
4442,4443,11387,11388
4445,11390
4444,4446,11389,11391
4447,11392
4448,11393
4449,11394
4450,11395
4451,11396
4452,11397
4453,11398
4454,11399
4455,11402
4456,11403
4457,11404
4458,11405
4459,11406
4460,11407
4461,11408
4462,11409
4463,11410
4465,4466,11412,11413
4468,11415
4469,4470,4471,11419,11420,11421
4472,11422
4473,11423
4474,11424
4475,11425
4476,11426
4477,11427
4478,11428
4479,11429
4480,11430
4481,11431
4482,11432
4483,11433
4484,11434
4485,11435
4486,11436
4487,11437
4488,11438
4489,11439
4491,4492,11441,11442
4493,11443
4494,11444
4495,11445
4496,11446
4497,11447
4498,11448
4500,4510,11450,11460
4501,11451
4502,11452
4503,11453
4504,11454
4505,11455
4506,11456
4507,11457
4508,11458
4499,4509,11449,11459
4511,11461
4512,11462
4513,11463
4514,11464
4515,11465
4516,11466
4517,11467
4518,11468
4519,11469
4520,11470
4521,11472
4523,11474
4525,11476
4526,11477
4527,4529,11478,11480
4528,11479
4530,11481
4531,11482
4532,11483
4533,11484
4534,11485
4535,11486
4537,11488
4538,11489
4539,11490
4540,11491
4541,11492
4542,11493
4543,11494
4544,11495
4545,11496
4546,11497
4547,11498
4548,11499
4549,11500
4550,11501
4551,11502
4552,11503
4553,11504
4554,11505
4555,11506
4556,11507
4557,11508
4558,11509
4559,11510
4560,11511
4561,11512
4562,4564,11513,11515
4563,4565,11514,11516
4566,4567,4568,4569,11517,11518,11519,11520
4570,11521
4571,11522
4572,11523
4573,11524
4574,11525
4575,11526
4576,11527
4577,11528
4578,11529
4579,11530
4580,4581,11531,11532
4582,11533
4583,4584,11534,11535
4585,4586,11536,11537
4587,11538
4588,4589,11539,11540
4590,11541
4593,11544
4594,11545
4595,11546
4596,11547
4597,11548
4599,11550
4600,11551
4601,11552
4602,11553
4603,11554
4604,11555
4605,11556
4606,11557
4607,11558
4608,11559
4609,11560
4610,11561
4611,11562
4612,4613,11563,11564
4614,11565
4615,11566
4616,11567
4617,11568
4618,11569
4619,11570
4620,11571
4622,11573
4623,11574
4624,11575
4625,11576
4626,11577
4627,11578
4628,11579
4629,11580
4630,11581
4631,11582
4633,11584
4634,11585
4635,11586
4637,11588
4638,11589
4639,11590
4642,11593
4643,11594
4644,11595
4647,11598
4648,11599
4650,11601
4651,11602
4652,11603
4653,11604
4654,11605
4655,11606
4656,11607
4657,11608
4659,11610
4660,11611
4661,11612
4662,11613
4664,11615
4666,11617
4667,11618
4668,11620
4669,11621
4670,11622
4671,11623
4672,11624
4673,11625
4674,11626
4675,11627
4676,11628
4678,4680,11630,11632
4677,4679,11629,11631
4681,11633
4682,11634
4250,4685,11195,11637
4687,11639
4688,11640
4689,11641
4692,4693,11644,11645
4694,11646
4695,11647
4696,11648
4697,11649
4698,11650
4699,11651
4700,11652
4701,11653
4702,11654
4703,11655
4704,11656
4705,11657
4706,11658
4707,11659
4708,4709,11660,11661
4710,11696
4711,11697
4712,11698
4713,11699
4714,11700
4715,11701
4716,11702
4717,11703
4718,11704
4719,11705
4720,11706
4722,11708
4721,4725,11707,11711
4726,11712
4727,11713
4723,4728,11709,11714
4724,4729,11710,11715
4732,4735
4736,11722
4738,11724
4739,11725
4740,11726
4741,11727
4742,4743,4744,11728,11729,11730
4745,11731
4746,4747,4748,11732,11733,11734
4750,11736
4751,4752,11737,11738
4753,11739
4754,11740
4755,4756,11741,11742
4757,11748
4758,11749
4759,11750
4760,11751
4761,11752
4762,11753
4763,11754
4764,11755
4765,11756
4766,11757
4767,11758
4768,11759
4769,11760
4770,11761
4771,11762
4773,11764
4774,11765
4775,11766
4776,11767
4777,11768
4779,11770
4780,11771
4781,11772
4782,11773
4783,11774
4784,11775
4785,11776
4786,11777
4787,11778
4788,11779
4789,11780
4790,11781
4791,11782
4792,4793,11783,11784
4794,11785
4796,11787
4797,11788
4798,11789
4799,11790
4802,11793
4803,11794
4804,11795
4805,11796
4806,11797
4807,11798
4809,11800
4810,4814,11801,11805
4811,11802
4812,11803
4813,11804
4815,11806
4816,11807
4817,11808
4818,11809
4819,4820,11810,11811
4821,11812
4822,11813
4824,11815
4198,4826,11143,11817
4199,4827,11144,11818
4828,11819
4829,11820
4830,4831,11821,11822
4832,11823
4833,11824
4834,11825
4835,11826
4836,11827
4838,11829
4839,11830
4840,11831
4841,11832
4842,11833
4843,11834
4844,11835
4845,11836
4846,4847,11837,11838
4848,11839
4849,11840
4851,11851
4852,11852
4853,11853
4854,11854
4855,11855
4856,11856
4857,11857
4858,11858
4859,11859
4860,11860
4861,11861
4863,11863
4864,11864
4865,11865
4866,4867,4868,4871,11866,11867,11868,11871
4869,11869
4870,4872,4873,11870,11872,11873
4874,11874
4877,4889,11877,11889
4878,4879,4880,4881,4882,4883,11878,11879,11880,11881,11882,11883
4884,11884
4875,4876,4885,4886,11875,11876,11885,11886
4887,11887
4888,11888
4890,11890
4891,11891
4892,11892
4893,11893
4894,4895,11894,11895
4896,4897,4898,4899,11896,11897,11898,11899
4900,4901,11900,11901
4902,4903,11902,11903
4904,11905
4905,4906,11906,11907
4907,11908
4908,4909,11909,11910
4910,11911
4911,11912
4912,11913
4913,11914
4914,11915
4915,11916
4916,11917
4917,11918
4918,11919
4920,11921
4921,11922
4922,11923
4923,11924
4924,11925
4925,11926
4926,11927
4928,11929
4929,11930
4931,11932
4932,11933
4933,11934
4934,11935
4936,11937
4937,11938
4938,11939
4939,11940
4940,11941
4941,11942
4942,11943
4943,11944
4946,11947
4947,11948
4948,11949
4950,11951
4951,11952
4952,11953
4953,11954
4954,11955
4955,11956
4956,11957
4957,11958
4958,11959
4960,11961
4961,11962
4962,11963
4963,4965,11964,11966
4964,11965
4966,11967
4967,11968
4968,11969
4969,11970
4970,11971
4971,11972
4972,5039,11973,12041
4973,5040,11974,12042
4974,5041,11975,12043
4975,5042,11976,12044
4976,5043,11977,12045
4977,5044,11978,12046
4978,11979
4980,11981
4981,5048,11982,12050
4984,11985
4986,5054,11987,12056
4988,4989,11989,11990
4990,11991
4991,11992
4992,4998,11993,11999
4993,11994
4994,11995
4995,11996
4996,11997
4997,11998
4999,5065,12000,12067
5001,12002
5007,5073,12008,12075
5010,5076,12011,12078
5011,5077,12012,12079
5012,12013
5013,12014,12015
5014,12016
5015,12017
5016,5017,5079,5080,12018,12019,12081,12082
5018,5081,12020,12083
5019,12021
5021,12023
5022,5084,12024,12086
5024,12026
5026,5089,12028,12091
5027,12029
5028,12030
5029,12031
5030,12032
5031,5093,12033,12095
5032,5094,12034,12096
5033,5095,12035,12097
5034,5096,12036,12098
5045,5046,12047,12048
5049,12051
4982,5050,11983,12052
4983,4985,5051,5052,11984,11986,12053,12054
5053,12055
4987,5055,5056,5057,11988,12057,12058,12059
5058,12060
5059,12061
5060,12062
5061,12063
5062,12064
5063,12065
5064,12066
5000,5066,12001,12068
5067,12069
5003,5069,12004,12071
5005,5071,12006,12073
5078,12080
5020,5082,12022,12084
5083,12085
5085,12087
5023,5025,5086,5087,12025,12027,12088,12089
5088,12090
5090,12092
5091,12093
5092,12094
5035,5097,12037,12099
5036,5098,12038,12100
5037,5099,12039,12101
5038,5100,12040,12102
5101,12103
5102,12104
5103,12105
5104,12106
5105,12107
5106,12108
5107,5108,12109,12110
5109,12111
5110,12112
5111,12113
5112,5113,12114,12115
5114,12116
5115,12117
5116,12118
5117,12119
5118,12120
5119,12121
5120,12122
5121,12123
5122,12124
5123,12125
5124,5125,12126,12127
5126,12128
5127,12129
5128,12130
5129,12131
5130,12132
5131,5196,12133,12198
5132,12134
5133,12135
5134,12136
5135,12137
5136,12138
5137,12139
5138,12140
5139,12141
5140,5141,5143,12142,12143,12145
5142,12144
5144,12146
5145,12147
5146,5147,12148,12149
5148,5149,5150,5151,12150,12151,12152,12153
5152,12154
5153,12155
5155,12157
5156,12158
5157,12159
5158,12160
5159,12161
5160,12162
5161,12163
5162,5163,5164,5165,12164,12165,12166,12167
5166,5167,12168,12169
5168,5169,12170,12171
5170,5171,12172,12173
5172,12174
5173,12175
5174,5175,12176,12177
5176,12178
5177,12179
5178,12180
5179,12181
5180,12182
5181,12183
5182,12184
5183,12185
5184,12186
5185,12187
5186,12188
5187,12189
5188,12190
5189,12191
5190,12192
5191,12193
5192,12194
5193,12195
5194,12196
5195,12197
5197,12199
5198,12200
5199,12201
5200,12202
5201,12203
5202,12204
5204,12206
5205,5218,12207,12220
5206,12208
5207,12209
5208,5221,12210,12223
5209,12211
5210,5223,12212,12225
5211,12213
5212,12214
5213,12215
5214,12216
5215,12217
5216,12218
5217,12219
5219,12221
5220,12222
5222,12224
5224,12226
5225,12227
5227,12229
5226,5228,12228,12230
5229,12231
5230,5232,12232,12234
5231,5233,12233,12235
5235,12237
5236,12238
5237,12239
5238,12240
5239,5241,12241,12243
5240,12242
5242,12244
5243,5245,12245,12247
5244,5246,12246,12248
5247,12249
5248,12250
5249,5262,12251,12264
5253,12255
5252,5254,5256,5258,12254,12256,12258,12260
5255,12257
5257,5259,12259,12261
5261,12263
5250,5263,12252,12265
5251,5264,12253,12266
5234,5265,12236,12267
5266,12268
5267,5269,12269,12271
5268,12270
5270,12272
5271,12273
5272,12274
5274,12276
5275,12277
5276,5278,12278,12280
5277,12279
5279,12281
5280,5289,12282,12291
5281,12283
5273,5282,12275,12284
5260,5283,12262,12285
5284,12286
5286,12288
5285,5287,12287,12289
5288,12290
5290,12292
5291,12293
5292,12294
5294,5295,12296,12297
5296,12298
5297,12299
5298,12302
5299,12303
5300,12304
5301,12305
5302,12306
5303,12307
5304,12308
5305,12309
5306,12310
5307,12311
5308,12312
5309,12313
5310,12314
5311,12315
5312,12316
5313,12317
5314,12318
5315,12319
5316,12320
5317,12321
5318,5321,12322,12325
5319,12323
5320,12324
5322,12326
5323,12327
5324,12328
5325,12329
5326,12330
5327,12331
5328,12332
5329,5330,12333,12334
5331,12335
5332,12336
5334,12338
5335,12339
5336,12340
5337,12341
5338,12342
5339,12343
5340,12344
5341,12346
5342,12347
5343,12348
5344,12349
5345,12350
5346,12351
5347,12352
5348,12353
5350,12355
5351,12356
5352,12357
5353,12358
5355,12360
5356,12361
5357,12362
5358,12363
5359,12364
5360,12365
5361,12366
5362,12367
5363,12368
5364,12369
5365,12370
5366,12371
5367,12372
5368,12373
5369,12374
5370,12375
5371,12376
5372,12377
5373,12378
5374,12379
5375,5376,5377,5378,5379,12380,12381,12382,12383,12384
5380,12385
5381,12386
5382,12387
5383,12388
5384,12389
5385,12390
5386,12391
5387,12392
5388,12393
5389,12394
5390,12395
5391,12396
5392,12397
5393,12398
5394,12399
5395,12400
5396,12401
5397,12402
5398,12403
5399,12404
5400,12405
5401,12406
5402,5403,5404,12407,12408,12409
5405,12410
5406,12411
5407,12412
5408,12413
5409,12414
5410,12415
5411,12416
5412,12417
5413,12418
5417,12422
5418,12423
5419,12424
5420,12425
5421,12426
5422,12427
5423,12428
5424,12429
5425,12430
5427,12432
5428,12433
5429,12434
5430,12435
5431,12436
5432,12437
5433,12438
5434,12439
5435,12440
5436,12441
5437,12442
5438,12443
5439,12444
5440,12445
5441,12446
5443,12448
5444,12449
5445,12450
5446,12451
5447,12452
5448,12453
5449,12454
5450,5451,12455,12456
5452,5453,12457,12458
5454,5455,12459,12460
5456,12461
5457,12462
5458,5459,12463,12464
5460,12465
5461,12466
5462,12467
5463,12468
5464,12469
5465,12470
5467,12472
5468,12473
5469,12474
5470,12475
5471,12476
5472,12477
5473,5474,12478,12479
5475,12480
5476,12481
5477,12482
5478,12483
5480,12485
5481,12486
5482,12487
5483,12488
5484,12489
5485,12490
5486,12491
5487,12492
5488,12493
5489,5490,12494,12495
5491,12496
5492,12497
5493,5494,12498,12499
5495,5496,12500,12501
5497,12502
5498,5499,12503,12504
5500,12505
5501,12506
5502,12507
5504,5505,12509,12510
5506,12511
5507,12512
5508,12513
5509,12514
5511,12516
5512,12517
5513,12518
5514,12519
5515,12520
5516,12521
5517,12522
5519,12524
5521,12526
5522,12527
5523,12528
5524,12529
5525,12530
5526,12531
5527,12532
5528,12533
5529,12534
5530,12535
5531,12536
5532,12537
5533,12538
5534,12539
5535,12540
5536,5585,12541,12593
5537,12542
5538,12543
5539,12544
5540,12545
5541,12546
5542,12547
5543,12548
5546,12551
5547,12552
5548,12553
5549,12554
5550,12555
5551,12556
5552,12557
5553,12558
5554,12559
5555,12560
5556,5557,12561,12562
5558,12563
5559,12564
5560,12565
5561,12566
5562,12567
5563,12568
5565,12570
5566,12571
5567,12572
5570,12575
5572,12577
5573,12578
5574,12580
5518,5575,12523,12581
5520,5576,12525,12582
5577,12583
5578,12585
5579,12586
5580,12587
5581,12588
5582,12590
5583,12591
5584,12592
5586,12594
5587,12595
5588,5589,12596,12597
5590,12598
5591,12599
5593,12601
5594,12602
5595,12603
5596,5598,12604,12606
5597,5599,12605,12607
5600,12608
5601,12609
5602,12610
5603,12611
5604,12612
5605,12613
5606,12614
5607,12615
5608,12616
5609,12617
5610,12618
5612,5614,12620,12622
5611,5613,12619,12621
5615,12623
5616,12624
5617,12625
5618,12626
5619,12627
5622,12630
5623,12631
5625,12633
5626,12634
5627,12635
5628,12636
5629,12637
5630,12638,12696
5631,12639
5632,12640
5633,12641
5634,5636,12642,12644
5635,5637,12643,12645
5638,12646
5639,12647,12698
5640,12648
5641,12649
5642,12650
5643,12651
5644,12652
5645,12653
5646,12654
5647,12655
5648,12656
5649,12657
5650,12658
5651,12659
5652,12660
5653,12661
5654,12662
5655,12663
5656,12664
5657,12665
5658,12666
5659,12667
5661,12669
5662,12670
5663,12671
5664,12672
5667,12675
5668,12676
5669,12677
5670,12678
5671,12679
5672,12680
5673,12681
5674,12682
5675,12683
5676,12684
5677,12685
5678,12686
5679,12687
5680,12688
5681,12689
5682,12690
5683,12691
5684,12692
5685,12693
5686,12694
5687,12726
5688,12727
5689,12728
5690,12729
5691,12730
5692,12731
5693,12732
5694,12733
5695,12734
5696,12735
5697,12736
5698,12737
5699,12738
5700,12739
5701,12740
5702,12741
5703,12742
5704,12743
5705,12744
5706,12745
5707,12746
5708,12747,12751
5709,12748
5710,12749
5711,12750
5712,12754
5713,12755
5714,12756
5715,12757
5716,12758
5717,12759
5718,12760
5719,12761
5720,12762
5721,12763
5722,12764
5723,12765
5724,12766
5725,12767
5726,12768
5727,12769
5728,12770
5729,12771
5730,12772
5731,12773
5732,12774
5733,12775
5734,12776
5735,12777
5736,12778
5737,12779
5738,12780
5740,12782
5741,12783
5743,12785
5745,12787
5742,5746,5747,12784,12788,12789
5744,5748,12786,12790
5749,12791
5750,5751,12792,12793
5752,12794
5753,12795
5754,12796
5755,12797
5756,12798
5757,12799
5758,12800
5759,12801
5760,12802
5761,12803
5762,12804
5763,12805
5764,12806
5765,12807
5766,12808
5767,12809
5768,12810
5769,12811
5770,5772,12812,12814
5771,5773,12813,12815
5774,12816
5775,12817
5776,12818
5777,12819
5778,12820
5780,12822
5781,5815,12823,12857
5782,5816,12824,12858
5783,12825
5784,12826
5785,12827
5787,12829
5788,12830
5789,12831
5790,12832
5791,5824,12833,12866
5792,5825,12834,12867
5793,5826,12835,12868
5794,12836
5795,12837
5739,5796,5830,12781,12838,12872
5797,12839
5799,12841
5800,12842
5801,12843
5802,12844
5803,12845
5804,5805,12846,12847
5806,12848
5807,12849
5808,12850
5809,12851
5810,12852
5811,12853
5812,12854
5779,5813,12821,12855
5814,12856
5817,12859
5818,12860
5786,5819,12828,12861
5820,12862
5821,12863
5822,12864
5823,12865
5827,12869
5828,12870
5829,12871
5831,12873
5798,5832,12840,12874
5833,12875
5834,12876
5835,12877
5837,12879
5838,12880
5839,12881
5840,12882
5843,12885
5845,5846,12887,12888
5847,12889
5848,12890
5851,12893
5852,12894
5853,12895
5855,12897
5857,12899
5858,5893,12900,12943
5859,12901
5860,12902
5861,12903
5862,12904
5863,12905
5864,5865,12906,12907
5866,12908
5867,12909
5868,12910
5869,12911
5871,12913
5844,5872,12886,12914
5881,12926
5890,12940
5891,12941
5892,12942
5894,12944
5895,12947
5898,12950
5899,12951
5900,12952
5901,12953
5902,12954
5903,12955
5904,12956
5906,12958
5907,12959
5908,12960
5909,12961
5910,12962
5911,12963
5912,12964
5913,12965
5914,12966
5915,12967
5916,12968
5917,12969
5918,12970
5919,12971
5920,12972
5921,12973
5922,12974
5923,12975
5924,12976
5925,12977
5927,12979
5929,12981
5931,12983
5932,12984
5933,12985
5934,12986
5937,12989
5938,12990
5939,12991
5940,12992
5941,12993
5942,12994
5943,12995
5944,12996
5945,12997
5948,13000
5947,5949,5951,5953,12999,13001,13003,13005
5952,13004
5954,13006
5955,13007
5956,13008
5957,13009
5958,5959,13010,13011
5960,13012
5961,13013
5962,13014
5963,13015
5964,13016
5965,13017
5966,13018
5967,13019
5970,13022
5971,13023
5972,13024
5973,13025
5974,13026
5975,13027
5976,13028
5977,13029
5978,13030
5979,13031
5980,13032
5981,13033
5982,13034
5983,5984,13035,13036
5985,13037
5986,13038
5987,13039
5988,13040
5989,13041
5990,13042
5991,13043
5992,13044
5993,13045
5994,5995,13046,13047
5996,13048
5997,13049
5998,13050
5999,13051
6000,13052
6002,13054
6003,13055
6006,6008,13058,13060
6010,13062
6011,13063
6012,13064
6013,6073,13065,13125
6014,13066
6015,13067
6016,13068
6017,13069
6018,13070
6020,6155,6179,13072,13213,13240
6021,13073
6023,6182,6255,6286,13075,13243,13316,13347
6024,13076
6027,6029,13079,13081
6030,13082
6031,13083
6032,13084
6034,13086
6035,13087
6036,13088
6037,13089
6038,13090
6039,13091
6040,13092
6041,13093
6042,13094
6043,13095
6044,13096
6045,13097
6046,13098
6047,13099
6050,13102
6004,6022,6051,6086,6181,6217,6254,13056,13074,13103,13138,13242,13278,13315
6052,13104
6054,6056,13106,13108
6057,13109
6058,13110
6061,13113
6062,13114
6063,13115
6064,13116
6065,13117
6066,13118
6067,13119
6068,13120
6069,13121
6070,13122
6071,13123
6072,13124
6074,13126
6075,13127
6076,13128
6077,13129
6080,13132
6082,13134
6001,6019,6048,6083,6178,6214,13053,13071,13100,13135,13239,13275
6084,13136
6085,13137
6087,13139
6089,6091,13141,13143
6092,13144
6093,13145
6096,13148
6097,13149
6098,13150
6099,13151
6100,13152
6101,13153
6102,13154
6103,13155
6104,13156
6105,13157
6106,13158
6108,13160
6109,13161
6110,13162
6078,6111,13130,13163
6079,6112,13131,13164
6114,13166
6115,6116,6117,13167,13168,13169
6118,13170
6119,13171
6120,13172
6121,13173
6123,13176
6124,6144,6165,13177,13200,13224
6125,6145,6166,13178,13201,13225
6126,13179
6127,6147,6168,13180,13203,13227
6129,13182
6128,6130,6148,6149,6169,6170,13181,13183,13204,13205,13228,13229
6049,6136,13101,13191
6137,13192
6138,13193
6139,13194
6140,13195
6141,13196
6122,6142,13175,13198
6143,13199
6146,13202
6132,6151,13187,13209
6156,13214
6157,6158,13215,13216
6159,13217
6160,13218
6161,13219
6162,13220
6163,13222
6164,13223
6167,13226
6172,13233
6133,6152,6173,13188,13210,13234
6134,6153,6174,13189,13211,13235
6135,6154,6175,13190,13212,13236
6176,6215,13237,13276
6177,13238
6180,13241
6183,6256,13244,13317
6186,6188,13247,13249
6189,13250
6190,13251
6193,13254
6194,13255
6195,13256
6196,13257
6197,13258
6198,13259
6199,13260
6200,13261
6201,13262
6202,6335,13263,13396
6203,6336,13264,13397
6204,13265
6205,13266
6107,6206,6280,13159,13267,13341
6207,13268
6208,13269
6209,13270
6211,13272
6213,13274
6216,13277
6219,6221,13280,13282
6222,13283
6223,13284
6226,13287
6227,13288
6228,13289
6229,13290
6230,13291
6231,13292
6232,13293
6233,13294
6234,13295
6237,13298
6238,13299
6239,13300
6240,13301
6241,13302
6242,13303
6244,13305
6245,13306
6246,13307
6247,13308
6248,13309
6249,13310
6250,13311
6251,13312
6252,13313
6253,13314
6260,6262,13321,13323
6263,13324
6264,13325
6267,13328
6268,13329
6269,13330
6270,13331
6271,13332
6272,13333
6273,13334
6274,13335
6275,13336
6276,13337
6277,13338
6278,13339
6279,13340
6281,13342
6282,13343
6283,13344
6284,13345
6285,13346
6287,13348
6258,6289,13319,13350
6290,6301,13351,13362
6291,13352
6292,13353
6297,13358
6298,13359
6025,6184,6257,6288,6299,13077,13245,13318,13349,13360
6300,13361
6302,13363
6303,13364
6304,13365
6305,13366
6306,13367
6307,13368
6308,13369
6293,6309,13354,13370
6310,13371
6311,13372
6312,13373
6294,6313,13355,13374
6295,6314,13356,13375
6315,13376
6316,13377
6317,13378
6318,13379
6319,13380
6320,13381
6321,13382
6322,13383
6323,13384
6324,13385
6325,13386
6326,13387
6327,13388
6328,13389
6329,13390
6330,13391
6331,13392
6332,13393
6333,13394
6334,13395
6337,13398
6338,13399
6339,13400
6340,13401
6341,13402
6342,13403
6343,13404
6344,13405
6345,13406
6346,13407
6347,13408
6348,13409
6349,13410
6350,13411
6351,13412
6352,13413
6235,6353,13296,13414
6236,6354,13297,13415
6355,13416
6357,13418
6358,13419
6359,13420
6360,13421
6361,13422
6362,13423
6363,13424
6364,13425
6366,13427
6367,13428
6368,13429
6369,13430
6370,13431
6371,13432
6372,13433
6373,13434
6374,13435
6375,13436
6376,13437
6377,13438
6378,13439
6379,13440
6380,13441
6381,13442
6382,13443
6383,13444
6384,13445
6385,13446
6386,13449
6387,13450
6388,13451
6389,13452
6390,13453
6392,13455
6393,13456
6394,13457
6395,13458
6396,13459
6397,13460
6398,13461
6399,13462
6400,13463
6401,13464
6402,13465
6403,13466
6404,13467
6405,13468
6406,13469
6407,13470
6408,13471
6409,13472
6410,6412,13473,13475
6411,13474
6413,13476
6414,13477
6415,13478
6416,13479
6417,13480
6418,13481
6419,13482
6420,13483
6421,13484
6422,13485
6423,13486
6424,13487
6425,13488
6426,13489
6427,13490
6428,13491
6429,6430,13492,13493
6431,13494
6432,6433,6434,13495,13496,13497
6435,13498
6436,13499
6437,13500
6438,13501
6439,13502
4522,6440,11473,13503
6441,13504
4524,6442,11475,13505
6444,13507
6443,6445,13506,13508
6446,13509
6447,13510
6448,13511
6449,13512
6450,13513
6451,13514
6452,13515
6453,13516
6455,13518
6456,13519
6457,13520
6458,13521
6459,13522
6460,13523
6461,13524
6462,13525
6463,13526
6464,13527
6465,13528
6466,13529
6467,13530
6468,13531
6469,13532
6471,13534
6472,13535
6473,13536
6474,13537
6475,13538
6476,13539
6477,13540
6478,13541
6479,13542
6480,13543
6481,13544
6482,13545
6483,13546
6484,13547
6485,13548
6486,13549
6487,13550
6488,13551
6489,13552
6490,13553
6491,13554
6492,6493,6494,6495,13555,13556,13557,13558
6496,13559
6499,13562
6497,6498,6500,13560,13561,13563
6501,6502,13564,13565
6503,13566
6504,13567
6505,13568
6506,13569
6507,13570
6508,13571
6509,13572
6511,13574
6512,13575
6513,13576
6514,13577
6515,13578
6516,13579
6517,13580
6518,13581
6519,13582
6520,6521,6522,6523,13583,13584,13585,13586
6524,13587
6525,13588
6526,13589
6527,13590
6528,13591
6529,13592
6530,13593
6531,13594
6532,13595
6533,13596
6534,13597
6535,13598
6536,13599
6537,13600
6538,13601
6539,13602
6540,13603
6541,13604
6542,13605
6543,13606
6546,13609
6547,13610
6548,13611
6549,13612
6550,13613
6552,13615
6553,13616
6554,13617
6555,13618
6556,13619
6557,13620
6558,13621
6559,13622
6562,13625
6563,13626
6566,13629
6567,13630
6568,13631
6569,13632
6570,13633
6571,13634
6573,13636
6574,13637
6575,13638
6577,13640
6578,13641
6579,13642
6580,13643
6581,13644
6582,13645
6583,13646
6584,13647
6585,13648
6586,13649
6587,13650
6588,13651
6589,13652
6590,13653
6591,13654
6592,13655
6593,13656
6594,13657
6595,13658
6596,13659
6597,13660
6598,13661
6599,13662
6600,13663
6601,13664
6602,13665
6603,13666
6604,13667
6605,6606,13668,13669
6607,6608,13670,13671
6609,13672
6610,13673
6611,13674
6612,13675
6613,13676
6614,13677
6615,13678
6616,13679
6617,13680
6618,13681
6619,13682
6620,13683
6623,13686
6624,13687
6625,13688
6627,13690
6628,13691
6629,13692
6630,13693
6631,13694
6632,13695
6633,13696
6634,13697
6635,13698
6636,13699
6637,13700
6638,13701
6639,13702
6640,13703
6641,6642,13704,13705
6643,13706
6644,13707
6645,13708
6646,13709
6647,13710
6648,13711
6649,13712
6650,13713
6651,13714
6652,13715
6653,6654,13716,13717
6655,13718
6656,13719
6657,13720
6658,13721
6660,13723
6661,13724
6662,13725
6663,13726
6664,6665,13727,13728
6666,13729
6667,6763,13730,13828
6668,13731
6670,13733
6671,13736
6672,13737
6673,13738
6674,13739
6675,13740
6676,13741
6677,13742
6678,13743
6679,13744
6680,13745
6681,13746
6682,13747
6683,13748
6684,6685,13749,13750
6686,13751
6687,13752
6688,13753
6689,13754
6690,13755
6691,13756
6692,13757
6693,13758
6694,13759
6695,13760
6696,13761
6697,13762
6698,13763
6699,13764
6700,13765
6701,13766
6702,13767
6703,13768
6705,13770
6706,13771
6707,13772
6708,13773
6709,13774
6710,13775
6711,6714,13776,13779
6712,13777
6713,13778
6715,13780
6716,13781
6717,13782
6718,13783
6719,13784
6720,13785
6721,13786
6722,13787
6723,13788
6724,13789
6725,13790
6728,13793
6726,6727,6729,13791,13792,13794
6730,13795
6731,13796
6732,13797
6733,13798
6734,13799
6735,13800
6736,6737,13801,13802
6738,13803
6739,13804
6740,13805
6741,13806
6742,13807
6743,13808
6744,13809
6745,13810
6746,13811
6747,6748,13812,13813
6749,13814
6750,13815
6751,13816
6752,13817
6753,13818
6754,13819
6755,13820
6756,13821
6757,13822
6758,13823
6759,13824
6760,13825
6761,13826
6762,13827
6764,13829
6765,13830
6767,13832
6768,6784,13833,13849
6769,13834
6770,13835
6771,6772,13836,13837
6774,13839
6773,6775,13838,13840
6776,13841
6777,13842
6778,13843
6779,13844
6780,13845
6781,13846
6782,13847
6783,13848
6785,6786,13850,13851
6788,13853
6787,6789,13852,13854
6790,13855
6791,13856
6792,13857
6793,13858
6794,13859
6795,13860
6796,13861
6797,13862
6798,13863
6799,13864
6800,13865
6801,13866
6802,13867
6803,13868
6804,13869
6805,13870
6806,13871
6807,13872
6808,13873
6809,13874
6810,13875
6811,13876
6812,13877
6813,13878
6814,13879
6815,13880
6816,13881
6817,13882
6818,13883
6819,13884
6820,13885
6821,13886
6822,13887
6823,13888
6824,13889
6825,13890
6826,13891
6827,13892
6828,13893
6829,13894
6830,13895
6831,13896
6832,13897
6833,13898
6834,13899
6836,13901
6837,13902
6838,6844,6846,13903,13909,13911
6839,13904
6840,13905
6841,13906
6842,13907
6843,13908
6847,13912
6845,6849,13910,13914
6848,6850,13913,13915
6851,13916
6852,13917
6853,13918
6854,13919
6855,13920
6856,13921
6857,13922
6858,13923
6859,13924
6860,13925
6861,13926
6862,13927
6863,13928
6864,13929
6865,13930
6866,13931
6867,13932
6868,13933
6869,13934
6870,13935
6871,13936
6872,13937
6873,13938
6874,13939
6875,13940
6876,13941
6877,13942
6878,13943
6879,13944
6880,13945
6881,13946
6882,6883,13947,13948
6884,13949
6885,13950
6886,6896,13951,13961
6887,6888,6897,6898,13952,13953,13962,13963
6889,6899,13954,13964
6890,6891,13955,13956
6892,13957
6893,6894,13958,13959
6895,13960
6900,6901,13965,13966
6902,13967
6903,13968
6904,13969
6905,13970
6906,13971
6907,13972
6908,13973
6909,13974
6910,13975
6911,13976
6912,13977
6913,13978
6914,6915,13979,13980
6916,13981
6917,13982
6918,13983
6919,13984
6920,13985
6921,13986
6922,13987
6923,13988
6924,13989
6925,13990
6926,6927,13991,13992
6928,6929,13993,13994
6930,13995
6931,13996
6932,13997
6933,13998
6934,6941,13999,14006
6935,6936,14000,14001
6937,14002
6938,14003
6939,14004
6940,14005
6942,14007
6943,14008
6944,14009
6945,14010
6946,14011
6947,6951,14012,14016
6948,14013
6949,14014
6952,14017
6953,14018
6954,14019
6955,14020
6956,14021
6957,14022
6958,14023
6950,6959,14015,14024
6960,14025
6961,14026
6962,14027
6963,7001,14028,14066
6965,7003,14030,14068
6966,14031
6967,14032
6968,14033
6969,14034
6970,14035
6972,14037
6973,14038
6975,14040
6976,14041
6977,6978,14042,14043
6979,14044
6980,14045
6981,14046
6982,14047
6983,14048
6984,14049
6985,14050
6986,14051
6987,14052
6988,14053
6989,14054
6990,14055
6991,14056
6992,14057
6993,14058
6994,14059
6995,14060
6996,14061
6997,14062
6998,14063
6999,14064
7000,14065
6964,7002,14029,14067
7004,14069
7005,14070
7006,14071
6971,7007,14036,14072
7008,14073
7009,14074
6974,7010,14039,14075
7011,14076
7012,14077
7013,14078
7014,14079
7015,14080
7016,14081
7017,14082
7018,14083
7019,14084
7020,14085
7021,14086
7022,14087
7023,14088
7024,14089
7025,14090
7026,14091
7027,14092
7028,14093
7030,14095
7031,14096
7032,14097
7033,14098
7034,14099
7035,14100
7036,14101
7037,14102
7039,14104
7042,14107
7043,14108
7044,14109
7045,14110
7046,14111
7047,14112
7048,14113
7049,14114
7050,14115
7051,14116
7052,14117
7053,14118
7054,14119
7055,14120
7056,14121
7057,14122
7058,14123
7059,14124
7060,14125
7061,14126
7062,14127
7063,14128
7064,7065,14129,14130
7066,14131
7067,14132
7068,14133
7069,14134
7070,14135
7071,14136
7072,14137
7073,14138
7074,14139
7075,14140
7076,14145
7077,14146
7078,14147
7079,14148
7080,14149
7081,14150
7082,14151
7083,14152
7084,14153
7085,14154
7086,14155
7087,14156
7088,14157
7089,14158
7090,14159
7091,14160
7092,14161
7093,14162
7094,14163
7095,14164
7096,14165
7097,14166
7098,14167
7099,7101,14168,14170
7100,7102,14169,14171
7103,14172
7104,14173
7105,14174
7106,14175
7107,14176
7108,14177
7109,14178
7110,14179
7111,14180
7112,7113,14181,14182
7114,14183
7115,14184
7116,7117,14185,14186
7118,14187
7119,7120,14188,14189
7121,14190
7122,14191
7123,14192
7124,14193
7125,14194
7126,14195
7128,14197
7127,7129,14196,14198
7130,14199
7131,14200
7132,14201
7133,14202
7134,14203
7135,14204
7136,14205
7137,14206
7138,14207
7139,7140,14208,14209
7141,14210
7142,14211
7143,14212
7144,14213
7145,14214
7146,14215
7147,14216
7148,14217
7149,14218
7150,14219
7151,14220
7152,14221
7153,14222
7154,7155,14223,14224
7156,14225
7157,14226
7158,14227
7159,14228
7160,14229
7161,14230
7162,14231
7163,14232
7164,14233
7165,14234
7166,14235
7167,14236
7168,14237
7169,14238
7170,14239
7171,14240
7172,14241
7173,14242
7174,14243
7175,14244
7176,14245
7177,7178,14246,14247
7179,7180,14248,14249
7181,14250
7182,14251
7183,14252
7184,14253
7185,14254
7186,14255
7187,14256
7188,14257
7189,14258
7190,14259
7191,14260
7192,14261
7193,14262
7194,14263
7195,14264
7196,7197,14265,14266
7198,14267
7199,14268
7200,14269
7201,14270
7202,14271
7203,14272
7204,14273
7205,14274
7206,14275
7207,14276
7208,14277
7209,14278
7210,14279
7211,14280
7212,14281
7213,14282
7214,14283
7215,14284
7216,14285
7217,14286
7218,14287
7219,14288
7220,14289
7221,14290
7222,14291
7223,14292
7224,14293
7225,14294
7226,14295
7227,14296
7228,14297
7229,14298
7230,14299
7231,14300
645,7348,8519
7369,7501
7389,7390
7401,7404
692,700,7411,7422
7469,7492
7480,7542
7481,7543
7551,8546
7717,8250
7785,7786
7790,7791,7792
8067,8068
8219,8223,8227
8380,8381
8496,8497
8547,8548
8563,8564
1859,1879,8668,8690
8684,8685,9050,9051
8780,8781
2055,2057,2059,2302,8869,8871,8873,9163
8975,8976,8977
9031,9040
9052,9053
9070,9071
2278,2281,2282,2283,2284,2285,9133,9136,9137,9138,9139,9140,9141
9417,9418
2954,3109,9826,9985
9885,9887
10298,10299
10300,10301
10527,10626
10542,10641
10543,10642
10587,10754
10654,10655
10673,10771
3757,3895,10675,10822
10772,10875
10908,11743
10913,11747
4248,4683,11193,11635
4249,4684,11194,11636
11674,11675
11680,11682,11684
11681,11683,11685
11718,11721
11842,11843,11845,11846,11847
4979,5047,11980,12049
5002,5068,12003,12070
5004,5009,5070,5075,12005,12010,12072,12077
5006,5072,12007,12074
5008,5074,12009,12076
12935,12936,12937,12938,12939
13174,13197,13221
6131,6150,6171,13184,13206,13230
13185,13207
13186,13208,13232
6659,6704,13722,13769
6669,6766,13732,13831
14311,14314
14360,14361,14362
14332,14377,14380,14402,14420,14422,14459,14557
14419,14421,14458
14470,14609
14491,14492,14493,14494
14495,14496
14504,14505,14506
14529,14531
14621,14622
14686,14687
14693,14696
14715,14716
14719,14720
14721,15332
14779,14781
14780,14864
14805,14806
14814,14816
14822,14823
14832,14872
14835,14836
14842,14843
14845,14849
14846,14850
14861,14862
14880,14883
14913,14917
14921,14923
14924,14926
14936,14937
14939,14940
15038,15039
15050,15051
15069,15070
15071,15072
15073,15074
15078,15079
15104,15106,15108,15110
15120,15121
15123,15124
15135,15722
15169,15172
15205,15206
15220,15221
15257,15258
15265,15266
15274,15280
15412,15413
15431,15445
15432,15447
15433,15448
15434,15449
15435,15450
15436,15437
15440,15452
15441,15453
15442,15454
15443,15455
15461,15462
15479,15480
15527,15531,15532
15528,15529
15568,15651
15571,15573
15574,15578
15576,15583
15581,15582
15584,15595
15585,15586,15593,15594,15597,15598
15613,15630
15618,15619,15622,15623
15624,15627
15674,15675
15676,15677
15691,15692
15701,15703
15706,15707
15709,15710
15716,15718,15719
15747,15748
15750,15751,15752
15758,15762
15761,15765
15779,15793
15780,15797
15784,15785
15790,15792
15802,15803
15804,15805
15850,15851
15859,15861
15863,15911
15868,15914
15869,15915
15870,15916
15872,15917
15874,15878
15875,15879
15876,15880
15877,15881
15882,15883
15884,15923
15885,15924
15886,15925
15887,15926
15888,15927
15889,15928
15891,15892
15907,15909
15918,15920
15919,15921
15933,15934
