5,315
9,15,20
18,289
22,349,369
17,23,275,288,297,350,370
6,24,250,301,329,354,374
25,356,376
26,265,278,342
28,62,137,143,219,245,270,284,325,363,383
55,320
4,57,249
60,214,240,323,377
27,61,217,243,268,324
34,68,204,229,413
70,153,205,230
71,107,138,159,176
74,95,271
81,295
83,327
13,73,109,144,165,182,210,236,263,299,308,337,352,372
54,111,273,319,333
115,126
116,127
64,86,92,98,105,132,150,190,196,221,254,303
134,192
141,193
148,420
160,177
161,179,306
163,178
166,183,353,373
167,211,237,264,300
168,185
170,187
171,188
158,175,296
12,72,108,139,162,180,207,232,258,307
197,222
66,198,223
38,199,224
39,200,225
56,100,201,226,256
33,67,101,202,227
125,203,228
206,231,305
208,233
58,212,238,321
59,213,239,322,355,375
215,241
216,242,267,280,359,379
218,244
209,235,336
276,335
279,378
281,380
282,344
164,181,262,298,351,371
345,362
348,368
361,381
365,385
366,386
390,407
